Complete TCGA ID,Gender,Age at Initial Pathologic Diagnosis,ER Status,PR Status,HER2 Final Status,Tumor,Tumor--T1 Coded,Node,Node-Coded,Metastasis,Metastasis-Coded,AJCC Stage,Converted Stage,Survival Data Form,Vital Status,Days to Date of Last Contact,Days to date of Death,OS event,OS Time
TCGA-A2-A0T2,FEMALE,66,Negative,Negative,Negative,T3,T_Other,N3,Positive,M1,Positive,Stage IV,No_Conversion,followup,DECEASED,240,240,1,240
TCGA-A2-A0CM,FEMALE,40,Negative,Negative,Negative,T2,T_Other,N0,Negative,M0,Negative,Stage IIA,Stage IIA,followup,DECEASED,754,754,1,754
TCGA-BH-A18V,FEMALE,48,Negative,Negative,Negative,T2,T_Other,N1,Positive,M0,Negative,Stage IIB,No_Conversion,enrollment,DECEASED,1555,1555,1,1555
TCGA-BH-A18Q,FEMALE,56,Negative,Negative,Negative,T2,T_Other,N1,Positive,M0,Negative,Stage IIB,No_Conversion,enrollment,DECEASED,1692,1692,1,1692
TCGA-BH-A0E0,FEMALE,38,Negative,Negative,Negative,T3,T_Other,N3,Positive,M0,Negative,Stage IIIC,No_Conversion,followup,LIVING,133,NA,0,133
TCGA-A7-A0CE,FEMALE,57,Negative,Negative,Negative,T2,T_Other,N0,Negative,M0,Negative,Stage IIA,Stage IIA,followup,LIVING,309,NA,0,309
TCGA-D8-A142,FEMALE,74,Negative,Negative,Negative,T3,T_Other,N0,Negative,M0,Negative,Stage IIB,Stage IIB,followup,LIVING,425,NA,0,425
TCGA-A2-A0D0,FEMALE,60,Negative,Negative,Negative,T2,T_Other,N0,Negative,M0,Negative,Stage IIA,Stage IIA,followup,LIVING,643,NA,0,643
TCGA-AO-A0J6,FEMALE,61,Negative,Negative,Negative,T2,T_Other,N0,Negative,M0,Negative,Stage IIA,Stage IIA,followup,LIVING,775,NA,0,775
TCGA-A2-A0YM,FEMALE,67,Negative,Negative,Negative,T2,T_Other,N0,Negative,M0,Negative,Stage IIA,Stage IIA,followup,LIVING,964,NA,0,964
TCGA-A2-A0D2,FEMALE,45,Negative,Negative,Negative,T2,T_Other,N0,Negative,M0,Negative,Stage IIB,Stage IIA,followup,LIVING,1027,NA,0,1027
TCGA-A2-A0SX,FEMALE,48,Negative,Negative,Negative,T1,T1,N0,Negative,M0,Negative,Stage IA,Stage I,followup,LIVING,1288,NA,0,1288
TCGA-AO-A0JL,FEMALE,59,Negative,Negative,Negative,T2,T_Other,N2,Positive,M0,Negative,Stage IIIA,No_Conversion,followup,LIVING,1319,NA,0,1319
TCGA-AO-A12F,FEMALE,36,Negative,Negative,Negative,T2,T_Other,N0,Negative,M0,Negative,Stage IIA,Stage IIA,followup,LIVING,1471,NA,0,1471
TCGA-AN-A0AL,FEMALE,41,Negative,Negative,Negative,T4,T_Other,N0,Negative,M0,Negative,Stage IIIB,No_Conversion,enrollment,LIVING,197,NA,0,197
TCGA-AN-A0FL,FEMALE,62,Negative,Negative,Negative,T2,T_Other,N0,Negative,M0,Negative,Stage IIA,No_Conversion,enrollment,LIVING,230,NA,0,230
TCGA-AR-A0U4,FEMALE,54,Negative,Negative,Negative,T2,T_Other,N0,Negative,M0,Negative,Stage II,No_Conversion,enrollment,LIVING,1627,NA,0,1627
TCGA-AR-A1AQ,FEMALE,49,Negative,Negative,Negative,T2,T_Other,N0,Negative,M0,Negative,Stage II,Stage IIA,enrollment,LIVING,1309,NA,0,1309
TCGA-BH-A0AV,FEMALE,52,Negative,Negative,Negative,T1,T1,N0,Negative,M0,Negative,Stage I,Stage I,enrollment,LIVING,1180,NA,0,1180
TCGA-C8-A12V,FEMALE,55,Negative,Negative,Negative,T2,T_Other,N0,Negative,M0,Negative,Stage IIA,Stage IIA,enrollment,LIVING,0,NA,0,0
TCGA-C8-A131,FEMALE,82,Negative,Negative,Negative,T2,T_Other,N2,Positive,M0,Negative,Stage III,Stage IIIA,enrollment,LIVING,0,NA,0,0
TCGA-C8-A134,FEMALE,52,Negative,Negative,Negative,T2,T_Other,N0,Negative,M0,Negative,Stage IIA,No_Conversion,enrollment,LIVING,0,NA,0,0
TCGA-E2-A150,FEMALE,48,Negative,Negative,Negative,T2,T_Other,N0,Negative,M0,Negative,Stage IIA,Stage IIA,enrollment,LIVING,591,NA,0,591
TCGA-E2-A158,FEMALE,43,Negative,Negative,Negative,T1,T1,N1,Positive,M0,Negative,Stage IIA,Stage IIA,enrollment,LIVING,450,NA,0,450
TCGA-E2-A159,FEMALE,50,Negative,Negative,Negative,T2,T_Other,N0,Negative,M0,Negative,Stage IIA,Stage IIA,enrollment,LIVING,515,NA,0,515
TCGA-BH-A18R,FEMALE,50,Indeterminate,Negative,Positive,T2,T_Other,N1,Positive,M0,Negative,Stage IB,No_Conversion,enrollment,DECEASED,1099,1141,1,1141
TCGA-A2-A0T1,FEMALE,55,Negative,Negative,Positive,T3,T_Other,N3,Positive,M0,Negative,Stage IIIC,No_Conversion,followup,LIVING,520,NA,0,520
TCGA-BH-A0EE,FEMALE,68,Negative,Negative,Positive,T3,T_Other,N0,Negative,M0,Negative,Stage IIB,Stage IIB,followup,LIVING,943,NA,0,943
TCGA-A2-A0D1,FEMALE,76,Negative,Negative,Positive,T2,T_Other,N0,Negative,M0,Negative,Stage IIA,Stage IIA,followup,LIVING,1051,NA,0,1051
TCGA-AO-A12D,FEMALE,43,Negative,Negative,Positive,T1,T1,N1,Positive,M0,Negative,Stage IIA,No_Conversion,followup,LIVING,1948,NA,0,1948
TCGA-AO-A0JE,FEMALE,53,Negative,Negative,Positive,T2,T_Other,N2,Positive,M0,Negative,Stage IIIA,No_Conversion,followup,LIVING,1965,NA,0,1965
TCGA-A2-A0EQ,FEMALE,64,Negative,Negative,Positive,T2,T_Other,N0,Negative,M0,Negative,Stage IIA,Stage IIA,followup,LIVING,2426,NA,0,2426
TCGA-A8-A076,FEMALE,66,Positive,Positive,Positive,T2,T_Other,N0,Negative,M0,Negative,Stage IIA,Stage IIA,enrollment,LIVING,1641,NA,0,1641
TCGA-A8-A09G,FEMALE,79,Positive,Negative,Positive,T3,T_Other,N3,Positive,M0,Negative,Stage IIIC,Stage IIIC,enrollment,LIVING,0,NA,0,0
TCGA-AR-A0TX,FEMALE,64,Positive,Positive,Positive,T1,T1,N1,Positive,M0,Negative,Stage II,No_Conversion,enrollment,LIVING,15,NA,0,15
TCGA-C8-A12L,FEMALE,67,Negative,Negative,Positive,T2,T_Other,N0,Negative,M0,Negative,Stage IIA,Stage IIA,enrollment,LIVING,0,NA,0,0
TCGA-C8-A12P,FEMALE,55,Negative,Negative,Positive,T2,T_Other,N1,Positive,M0,Negative,Stage IIB,No_Conversion,enrollment,LIVING,0,NA,0,0
TCGA-C8-A12Q,FEMALE,78,Negative,Negative,Positive,T1,T1,N2,Positive,M0,Negative,Stage IIIA,No_Conversion,enrollment,LIVING,0,NA,0,0
TCGA-C8-A12T,FEMALE,43,Positive,Positive,Positive,T2,T_Other,N0,Negative,M0,Negative,Stage IIA,Stage IIA,enrollment,LIVING,0,NA,0,0
TCGA-C8-A12Z,FEMALE,45,Negative,Negative,Positive,T2,T_Other,N1,Positive,M0,Negative,Stage II,Stage IIB,enrollment,LIVING,0,NA,0,0
TCGA-C8-A130,FEMALE,52,Positive,Positive,Equivocal,T3,T_Other,N2,Positive,M0,Negative,Stage IIIA,Stage IIIA,enrollment,LIVING,0,NA,0,0
TCGA-C8-A135,FEMALE,64,Negative,Negative,Positive,T2,T_Other,N1,Positive,M0,Negative,Stage II,Stage IIB,enrollment,LIVING,0,NA,0,0
TCGA-C8-A138,FEMALE,54,Positive,Negative,Positive,T2,T_Other,N2,Positive,M0,Negative,Stage III,Stage IIIA,enrollment,LIVING,7,NA,0,7
TCGA-AR-A0TR,FEMALE,68,Positive,Positive,Negative,T2,T_Other,N1,Positive,M0,Negative,Stage II,No_Conversion,enrollment,DECEASED,21,160,1,160
TCGA-BH-A18N,FEMALE,88,Positive,Positive,Negative,T2,T_Other,N1,Positive,M0,Negative,Stage IIA,No_Conversion,enrollment,DECEASED,1148,1148,1,1148
TCGA-BH-A0HK,FEMALE,81,Positive,Negative,Negative,T2,T_Other,N1,Positive,M0,Negative,Stage IIB,No_Conversion,followup,LIVING,178,NA,0,178
TCGA-A7-A0CD,FEMALE,66,Positive,Positive,Negative,T1,T1,N0,Negative,M0,Negative,Stage IA,Stage I,followup,LIVING,372,NA,0,372
TCGA-BH-A0HP,FEMALE,65,Positive,Negative,Negative,T3,T_Other,N2,Positive,M0,Negative,Stage IIIA,No_Conversion,followup,LIVING,414,NA,0,414
TCGA-A2-A0YI,FEMALE,62,Positive,Positive,Negative,T1,T1,N0,Negative,M0,Negative,Stage IA,Stage I,followup,LIVING,441,NA,0,441
TCGA-A2-A0YL,FEMALE,48,Positive,Positive,Negative,T3,T_Other,N2,Positive,M0,Negative,Stage IIIA,No_Conversion,followup,LIVING,445,NA,0,445
TCGA-A2-A0YF,FEMALE,67,Positive,Negative,Negative,T1,T1,N0,Negative,M0,Negative,Stage IA,Stage I,followup,LIVING,469,NA,0,469
TCGA-BH-A0E1,FEMALE,52,Positive,Positive,Negative,T2,T_Other,N1,Positive,M0,Negative,Stage IIB,No_Conversion,followup,LIVING,477,NA,0,477
TCGA-A2-A0T6,FEMALE,50,Positive,Positive,Negative,T3,T_Other,N0,Negative,M0,Negative,Stage IIB,Stage IIB,followup,LIVING,575,NA,0,575
TCGA-A2-A0T7,FEMALE,51,Positive,Positive,Negative,T2,T_Other,N0,Negative,M0,Negative,Stage IIA,Stage IIA,followup,LIVING,631,NA,0,631
TCGA-A2-A0YD,FEMALE,63,Positive,Positive,Negative,T3,T_Other,N0,Negative,M0,Negative,Stage IIB,Stage IIB,followup,LIVING,769,NA,0,769
TCGA-A2-A0EV,FEMALE,80,Positive,Positive,Negative,T1,T1,N0,Negative,M0,Negative,Stage IA,Stage I,followup,LIVING,968,NA,0,968
TCGA-A2-A0YC,FEMALE,59,Positive,Positive,Negative,T2,T_Other,N1,Positive,M0,Negative,Stage IIB,No_Conversion,followup,LIVING,989,NA,0,989
TCGA-AO-A0J9,FEMALE,61,Positive,Positive,Negative,T2,T_Other,N3,Positive,M0,Negative,Stage IIIC,No_Conversion,followup,LIVING,1255,NA,0,1255
TCGA-BH-A0BV,FEMALE,78,Positive,Positive,Negative,T2,T_Other,N1,Positive,M0,Negative,Stage IIB,No_Conversion,followup,LIVING,1519,NA,0,1519
TCGA-AO-A12E,FEMALE,51,Positive,Positive,Negative,T3,T_Other,N0,Negative,M0,Negative,Stage IIB,Stage IIB,followup,LIVING,1742,NA,0,1742
TCGA-AO-A126,FEMALE,39,Positive,Positive,Negative,T2,T_Other,N0,Negative,M0,Negative,Stage IIA,Stage IIA,followup,LIVING,2850,NA,0,2850
TCGA-A2-A0EX,FEMALE,46,Positive,Positive,Negative,T3,T_Other,N0,Negative,M0,Negative,Stage IIB,Stage IIB,enrollment,LIVING,549,NA,0,549
TCGA-AO-A0JJ,FEMALE,54,Positive,Positive,Negative,T2,T_Other,N1,Positive,M0,Negative,Stage IIB,No_Conversion,enrollment,LIVING,1512,NA,0,1512
TCGA-A8-A08Z,FEMALE,76,Positive,Positive,Negative,T4,T_Other,N3,Positive,M0,Negative,Stage IIIB,Stage IIIC,enrollment,LIVING,1217,NA,0,1217
TCGA-AN-A04A,FEMALE,36,Positive,Positive,Negative,T2,T_Other,N2,Positive,M0,Negative,Stage IIIA,No_Conversion,enrollment,LIVING,89,NA,0,89
TCGA-AR-A1AP,FEMALE,80,Positive,Positive,Negative,T1,T1,N0,Negative,M0,Negative,Stage I,Stage I,enrollment,LIVING,1215,NA,0,1215
TCGA-AR-A1AS,FEMALE,54,Positive,Positive,Negative,T2,T_Other,N1,Positive,M0,Negative,Stage II,Stage IIB,enrollment,LIVING,1242,NA,0,1242
TCGA-AR-A1AW,FEMALE,65,Positive,Positive,Negative,T2,T_Other,N0,Negative,M0,Negative,Stage II,Stage IIA,enrollment,LIVING,1072,NA,0,1072
TCGA-BH-A0C1,FEMALE,61,Positive,Positive,Negative,T3,T_Other,N2,Positive,M0,Negative,Stage IIIA,Stage IIIA,enrollment,LIVING,1338,NA,0,1338
TCGA-BH-A0DG,FEMALE,30,Positive,Negative,Negative,T2,T_Other,N0,Negative,M0,Negative,Stage IIA,Stage IIA,enrollment,LIVING,713,NA,0,713
TCGA-BH-A0E9,FEMALE,53,Positive,Positive,Negative,T2,T_Other,N1,Positive,M0,Negative,Stage IIB,Stage IIB,enrollment,LIVING,1405,NA,0,1405
TCGA-E2-A154,FEMALE,68,Positive,Positive,Negative,T1,T1,N0,Negative,M0,Negative,Stage I,Stage I,enrollment,LIVING,325,NA,0,325
TCGA-AO-A03O,FEMALE,69,Positive,Positive,Negative,T2,T_Other,N0,Negative,M0,Negative,Stage IIA,Stage IIA,followup,DECEASED,993,2483,1,2483
TCGA-A2-A0SW,FEMALE,82,Positive,Negative,Negative,T2,T_Other,N2,Positive,M1,Positive,Stage IV,No_Conversion,followup,DECEASED,1364,1364,1,1364
TCGA-BH-A18U,FEMALE,72,Positive,Positive,Positive,T2,T_Other,N2,Positive,M0,Negative,Stage IIIA,Stage IIIA,enrollment,DECEASED,1317,1563,1,1563
TCGA-AR-A0TY,FEMALE,54,Positive,Negative,Negative,T2,T_Other,N0,Negative,M0,Negative,Stage II,No_Conversion,enrollment,DECEASED,544,1699,1,1699
TCGA-D8-A13Y,FEMALE,52,Positive,Positive,Negative,T1,T1,N0,Negative,M0,Negative,Stage IA,No_Conversion,followup,LIVING,362,NA,0,362
TCGA-A7-A13F,FEMALE,44,Positive,Positive,Negative,T3,T_Other,N1,Positive,M0,Negative,Stage IIIA,No_Conversion,followup,LIVING,387,NA,0,387
TCGA-A7-A0CJ,FEMALE,57,Positive,Positive,Negative,T2,T_Other,N0,Negative,M0,Negative,Stage IIA,Stage IIA,followup,LIVING,409,NA,0,409
TCGA-A2-A0T3,FEMALE,37,Positive,Positive,Negative,T1,T1,N1,Positive,M0,Negative,Stage IA,Stage IIA,followup,LIVING,569,NA,0,569
TCGA-A2-A0YG,FEMALE,63,Positive,Positive,Positive,T2,T_Other,N3,Positive,M0,Negative,Stage IIIC,No_Conversion,followup,LIVING,665,NA,0,665
TCGA-A2-A0EY,FEMALE,62,Positive,Negative,Positive,T2,T_Other,N1,Positive,M0,Negative,Stage IIB,No_Conversion,followup,LIVING,735,NA,0,735
TCGA-E2-A10A,FEMALE,41,Positive,Positive,Negative,T3,T_Other,N0,Negative,M0,Negative,Stage IIB,Stage IIB,followup,LIVING,1229,NA,0,1229
TCGA-BH-A0C0,FEMALE,62,Positive,Positive,Positive,T1,T1,N1,Positive,M0,Negative,Stage IIA,No_Conversion,followup,LIVING,1270,NA,0,1270
TCGA-AO-A0JC,FEMALE,64,Positive,Positive,Negative,T2,T_Other,N0,Negative,M0,Negative,Stage IIA,Stage IIA,followup,LIVING,1547,NA,0,1547
TCGA-AO-A0JM,FEMALE,40,Positive,Positive,Positive,T2,T_Other,N1,Positive,M0,Negative,Stage IIB,No_Conversion,followup,LIVING,1826,NA,0,1826
TCGA-AO-A12B,FEMALE,63,Positive,Positive,Negative,T2,T_Other,N0,Negative,M0,Negative,Stage IIA,Stage IIA,followup,LIVING,2359,NA,0,2359
TCGA-A8-A06N,FEMALE,66,Positive,Negative,Negative,T4,T_Other,N0,Negative,M0,Negative,Stage IIIB,Stage IIIB,enrollment,LIVING,0,NA,0,0
TCGA-A8-A06Z,FEMALE,84,Positive,Positive,Negative,T3,T_Other,N0,Negative,M0,Negative,Stage IIB,Stage IIB,enrollment,LIVING,31,NA,0,31
TCGA-A8-A079,FEMALE,69,Positive,Positive,Negative,T4,T_Other,N3,Positive,M0,Negative,Stage IIIB,Stage IIIC,enrollment,LIVING,274,NA,0,274
TCGA-A8-A08G,FEMALE,41,Positive,Positive,Positive,T2,T_Other,N0,Negative,M0,Negative,Stage IIA,Stage IIA,enrollment,LIVING,606,NA,0,606
TCGA-A8-A09I,FEMALE,84,Positive,Positive,Positive,T2,T_Other,N0,Negative,M0,Negative,Stage IIA,Stage IIA,enrollment,LIVING,1006,NA,0,1006
TCGA-AN-A0AJ,FEMALE,79,Positive,Positive,Positive,T3,T_Other,N0,Negative,M0,Negative,Stage IIB,No_Conversion,enrollment,LIVING,243,NA,0,243
TCGA-AN-A0AM,FEMALE,56,Positive,Negative,Negative,T2,T_Other,N0,Negative,M0,Negative,Stage IIA,No_Conversion,enrollment,LIVING,5,NA,0,5
TCGA-AN-A0AS,FEMALE,70,Positive,Negative,Negative,T2,T_Other,N2,Positive,M0,Negative,Stage IIIA,No_Conversion,enrollment,LIVING,9,NA,0,9
TCGA-AN-A0FK,FEMALE,88,Positive,Positive,Negative,T4,T_Other,N0,Negative,M0,Negative,Stage IIIB,No_Conversion,enrollment,LIVING,212,NA,0,212
TCGA-AR-A0TT,FEMALE,53,Positive,Negative,Negative,T2,T_Other,N2,Positive,M0,Negative,Stage III,No_Conversion,enrollment,LIVING,1679,NA,0,1679
TCGA-AR-A0TV,FEMALE,66,Positive,Positive,Negative,T2,T_Other,N0,Negative,M0,Negative,Stage II,No_Conversion,enrollment,LIVING,904,NA,0,904
TCGA-AR-A1AV,MALE,68,Positive,Positive,Negative,T2,T_Other,N1,Positive,M0,Negative,Stage II,Stage IIB,enrollment,LIVING,1295,NA,0,1295
TCGA-BH-A0BZ,FEMALE,59,Positive,Positive,Negative,T3,T_Other,N1,Positive,M0,Negative,Stage IIIA,Stage IIIA,enrollment,LIVING,1492,NA,0,1492
TCGA-BH-A0C7,FEMALE,48,Positive,Negative,Positive,T2,T_Other,N1,Positive,M0,Negative,Stage IIB,Stage IIB,enrollment,LIVING,1305,NA,0,1305
TCGA-BH-A0DD,MALE,58,Positive,Positive,Positive,T2,T_Other,N1,Positive,M0,Negative,Stage IIB,Stage IIB,enrollment,LIVING,1393,NA,0,1393
TCGA-C8-A12U,FEMALE,46,Positive,Positive,Negative,T2,T_Other,N1,Positive,M0,Negative,Stage IB,Stage IIB,enrollment,LIVING,0,NA,0,0
TCGA-C8-A12W,FEMALE,49,Positive,Positive,Negative,T4,T_Other,N1,Positive,M0,Negative,Stage IIIB,Stage IIIB,enrollment,LIVING,0,NA,0,0
TCGA-E2-A15A,FEMALE,45,Positive,Positive,Negative,T2,T_Other,N3,Positive,M0,Negative,Stage IIIC,Stage IIIC,enrollment,LIVING,502,NA,0,502