"TCGA_ID","NP_958782","NP_958785","NP_958786","NP_000436","NP_958781","NP_958780","NP_958783","NP_958784","NP_112598","NP_001611","NP_076965","NP_001367","NP_036222","NP_001138241","NP_001714","NP_002464","NP_001073936","NP_061198","NP_001074248","NP_001074419","NP_056009","NP_036355","NP_001155291","NP_002462","NP_000248","NP_036467","NP_004989","NP_001243024","NP_149043","NP_067047","NP_002461","NP_060003","NP_003793","NP_060004","NP_005954","NP_002463","NP_689914","NP_001242941","NP_060227","NP_055796","NP_065935","NP_008974","NP_001156806","NP_000251","NP_001242970","NP_001094891","NP_057323","NP_002465","NP_005955","NP_001035202","NP_001070654","NP_079005","NP_000250","NP_878918","NP_892006","NP_149062","NP_001138722","NP_003118","NP_001123910","NP_001182461","NP_001243000","NP_004406","NP_689916","NP_060124","NP_443141","NP_008835","NP_000375","NP_001447","NP_001157789","NP_001448","NP_001449","NP_001120959","NP_003119","NP_842565","NP_001020029","NP_008877","NP_000338","NP_066022","NP_001243415","NP_004478","NP_001243417","NP_005742","NP_671714","NP_005520","NP_004360","NP_476507","NP_065816","NP_006280","NP_055874","NP_113584","NP_612482","NP_006176","NP_006258","NP_055185","NP_001137485","NP_005045","NP_872394","NP_001019628","NP_872634","NP_005029"
"TCGA-AO-A12D",1.096131182,1.111370375,1.111370375,1.107560577,1.115180173,1.107560577,1.111370375,1.111370375,-1.517390359,0.482753678,0.261785384,0.924690265,-0.58018001,-0.012520084,-0.1877708,2.044770925,-0.065857258,-0.351592121,0.318932356,0.318932356,0.970407843,1.526638375,1.526638375,1.111370375,-0.507793845,0.08272487,0.53990065,2.101917898,0.802776723,1.18375654,-0.450646873,1.035174411,0.962788246,1.035174411,0.962788246,1.111370375,0.661814191,2.098108099,1.385675843,-0.911632451,1.111370375,0.570379035,-2.031713111,0.863733494,1.004696026,1.210425127,NA,-0.233488377,2.101917898,-0.229678579,-0.881154066,-0.884963864,-0.157292414,1.55711676,0.360840136,0.360840136,NA,-0.431597882,-0.446837075,-0.385880304,-0.534462433,0.478943879,2.254309824,0.787537531,-1.326900451,0.646574999,1.907618191,1.107560577,-0.454456671,-0.443027277,1.355197457,1.355197457,-0.980208818,-0.991638212,-2.496508487,1.850471219,-2.496508487,-0.081096451,2.239070632,2.216211843,2.204782448,0.170350228,0.197018815,0.444655696,-0.618277992,-0.728762139,1.118989971,0.943739255,-0.305874543,0.471324283,0.901831476,-0.8087679,0.254165788,0.802776723,-0.069667056,0.334171549,-0.012520084,0.12463265,0.086534668,1.019935219
"TCGA-C8-A131",2.609942977,2.650421787,2.650421787,2.646373906,2.646373906,2.646373906,2.650421787,2.650421787,3.909312755,-1.045293501,-0.03737115,1.39962658,-0.134520292,0.756013512,0.173118658,1.593924864,-0.875282502,-1.021006216,-0.438111362,-0.438111362,1.642499435,2.92567769,2.92567769,-0.616218123,1.391530818,2.524937478,2.18491548,0.513140656,1.294381675,-0.838851574,0.768157155,1.391530818,1.699169768,1.233663462,2.018952362,2.018952362,0.169070777,0.513140656,0.614337679,-0.725510908,2.018952362,-0.794324884,-1.276022714,0.343129657,1.933946862,2.585655692,NA,-2.178700161,0.513140656,-2.138221352,-2.878983562,-2.903270847,0.92197663,1.391530818,2.634230263,2.634230263,NA,0.088113159,0.084065278,0.104304682,-1.78200783,-1.611996831,-0.365249505,-0.846947336,3.148311141,-0.021179626,0.683151655,1.156753724,-1.045293501,-1.04124562,0.926024511,0.926024511,0.379560586,0.403847871,4.682458013,-0.624313885,4.682458013,-0.308579172,0.347177538,0.335033895,0.326938134,-1.033149858,-1.033149858,1.209376176,1.909659577,1.606068507,0.824827488,1.351052008,0.286459324,0.233836872,0.302650848,-1.12625112,0.403847871,1.164849486,0.31074661,0.270267801,0.294555086,0.432183038,0.047634349,0.666960132
"TCGA-AO-A12B",-0.659828047,-0.648742151,-0.654285099,-0.632113308,-0.64042773,-0.654285099,-0.648742151,-0.648742151,-0.618255939,1.222002715,1.019685122,-1.230751665,0.781338369,-1.092177972,-1.785046441,-1.266780826,-2.281140264,0.016411579,0.0884699,0.0884699,-0.906489222,-2.383684798,-2.383684798,-3.467331083,-2.799405879,-2.466829014,-2.641431868,-0.673685416,-1.943020452,-7.763115591,-2.480686384,-2.799405879,-2.480686384,-2.799405879,-2.480686384,-2.403085115,-1.721302542,-0.662599521,-0.260735809,0.116184638,-3.467331083,-1.097720919,0.559620458,-5.28818942,-2.968465786,-2.161966888,NA,-3.123668323,-0.687542786,-3.123668323,-1.965192243,-1.965192243,-2.732890506,-1.532842318,-1.308352934,-1.308352934,NA,-0.305079391,-0.288450548,-0.305079391,-1.189179557,-0.94806133,0.723137417,0.933769432,-1.52729937,-1.374868307,-2.450200171,-3.508903192,2.255762471,2.258533944,-1.859876235,-1.859876235,-0.634884782,-0.687542786,-0.870460062,-0.083361481,-0.870460062,-0.668142469,0.091241373,0.099555795,0.099555795,0.545763089,0.545763089,-1.543928213,-2.982323155,-3.26501349,-1.216894296,-0.995176386,-1.18363661,-1.93470603,1.022456596,0.947626801,0.035811896,-0.14710538,0.035811896,-0.063961164,0.030268948,0.0884699,1.208145345,-0.670913943
"TCGA-BH-A18Q",0.195340653,0.215412944,0.215412944,0.205376799,0.215412944,0.215412944,0.215412944,0.215412944,-1.035759872,-0.517225683,-0.724639359,-0.085671423,-0.306466626,0.737292515,2.04199144,1.028340736,1.868031583,-0.881872306,0.780782479,0.787473242,0.018035414,-0.758093177,-0.758093177,-3.865952926,-3.865952926,1.924903075,1.965047657,-0.821655433,2.098862932,1.101939137,-2.397330289,-1.567675588,-0.597514848,-1.567675588,-1.567675588,-1.340189621,0.185304507,-0.821655433,-1.41044264,-7.569290646,0.827617825,-1.383679585,-2.491000981,-1.624547079,-1.21306511,-0.895253834,NA,0.69380255,-0.821655433,0.673730259,0.258902908,0.268939054,0.031416942,0.071561524,0.610168004,0.606822622,NA,-0.734675504,-0.74471165,-0.78151085,0.958087717,-1.186302055,1.757633982,0.737292515,0.737292515,0.583404949,0.018035414,0.663694114,-2.534490945,-2.517764036,-1.467314132,-1.467314132,-0.346611208,-0.299775862,-4.193800348,-0.741366268,-4.193800348,0.733947133,-1.457277986,-1.443896459,-1.433860313,-0.965506853,-0.955470707,-1.06921369,0.074906906,0.165232216,0.365955128,0.573368803,-0.099052951,-0.717948595,0.078252288,-1.196338201,0.232139854,0.931324662,0.268939054,0.02807156,0.202031417,0.111706107,-0.54733412,-0.416864227
"TCGA-C8-A130",-0.494059581,-0.503899187,-0.500619319,-0.510458925,-0.503899187,-0.503899187,-0.500619319,-0.500619319,-1.845365554,-0.405503121,-0.703971188,-0.78596791,-0.917162665,-1.13363401,-0.520298532,0.109436291,-0.976200304,-1.517378667,-0.608854991,-0.621974467,0.847406786,0.555498456,0.555498456,-0.448141417,-0.510458925,-0.464540761,-0.225110334,0.230791439,-0.592455647,-0.14967335,-0.398943384,-0.126714268,-1.399303388,-0.448141417,-0.398943384,-0.398943384,-0.077516235,0.234071308,-0.349745351,0.345586849,-0.448141417,1.368905935,-2.583336049,-0.37926417,0.073357733,0.499740686,NA,-1.933922013,0.234071308,-1.94376162,-0.047997415,-0.041437677,0.447262784,0.122555766,-0.152953219,-0.156233088,NA,-0.546537483,-0.546537483,-0.546537483,-0.881084107,-1.517378667,-0.566216696,-1.24842942,-0.228390203,1.404984493,1.87728561,-0.156233088,-1.287787846,-1.304187191,0.184873275,0.184873275,-0.618694598,-0.608854991,-3.124514412,0.217671963,-3.124514412,-0.513738794,-0.362864826,-0.362864826,-0.366144695,-0.763008828,-0.759728959,0.361986193,0.729331506,0.729331506,0.181593406,-0.159512956,-0.29398758,0.755570457,0.004480487,2.205272496,0.345586849,2.185593283,0.381665407,0.3718258,0.3718258,0.381665407,0.699812687,-0.743329615
"TCGA-C8-A138",2.765080659,2.779709215,2.779709215,2.797994911,2.787023494,2.779709215,2.783366355,2.783366355,2.205538366,0.749996978,-0.156973535,1.507024786,-1.305315233,-0.504401755,-0.182573509,1.254682183,0.464740124,2.073881356,-0.387373302,-0.387373302,1.108396617,-0.054573638,-0.083830751,0.801196927,0.512282933,-0.080173612,0.739025561,1.327824967,-0.420287555,1.53262476,0.808511205,1.016968138,1.221767931,1.090110921,0.951139633,1.360739219,0.826796901,1.291253575,-0.603144513,-0.22280204,1.221767931,-2.409771261,-0.17891637,3.346565786,-0.453201807,0.278226026,NA,-1.66737201,1.346110662,-1.66737201,3.781765347,3.803708182,-0.288630545,2.216509784,0.892625406,0.746339839,NA,0.248968913,0.241654634,0.241654634,1.046225251,-0.22280204,0.856054014,-1.056629769,NA,-0.610458791,0.307483139,1.302224992,-0.504401755,-0.511716034,0.845082597,0.834111179,-1.875828942,-1.897771777,-3.302113217,4.472964649,-3.302113217,0.815825483,0.896282545,0.899939684,0.903596823,0.351368809,0.362340227,-0.028973664,0.325768835,0.285540304,0.413540175,0.091711929,0.52325435,1.075482364,0.592739994,0.12828332,0.011254867,-0.456858946,0.102683346,0.175826129,0.08439765,0.12828332,0.640282804,-0.358116189
"TCGA-E2-A154",0.862659263,0.870186035,0.870186035,0.866422649,0.870186035,0.870186035,0.870186035,0.870186035,1.920170648,2.34919662,1.581465934,0.064821492,0.395999435,-1.523327278,-2.343745363,0.418579749,-2.77653472,1.442220663,2.443281262,2.435754491,1.634153334,-0.789467064,-0.759359978,-0.883551707,-1.496983578,-0.665275336,-0.085713936,0.437396678,-0.830864307,-1.086774535,-0.748069821,0.125035664,0.237937235,-0.033026536,0.046004564,0.237937235,0.283097864,0.426106521,0.222883692,-1.278707207,0.531481321,-0.247539522,1.408350192,-5.298003147,-0.458289122,-3.126529591,NA,-0.627641479,0.426106521,-0.623878093,-2.415249692,-2.467937092,-1.177095793,-1.32010445,-1.165805635,-1.165805635,NA,1.028248235,1.054591935,1.073408863,-0.921185564,2.24382182,-0.194852122,-0.79323045,NA,-0.059370236,-0.510976521,0.053531335,2.435754491,2.435754491,1.235234449,1.291685235,0.92663682,0.907819892,-1.015270207,-0.394311564,-1.015270207,1.95404112,-1.090537921,-1.05666745,-1.094301307,0.369655735,0.369655735,0.700833678,2.078232848,2.142210405,0.064821492,0.339548649,2.48091512,1.385769877,-0.307753693,-1.116881621,0.109982121,1.156203349,0.18148645,-0.367967864,0.113745507,-0.431945422,1.995438363,-0.025499765
"TCGA-C8-A12L",1.407570262,1.407570262,1.410311827,1.407570262,1.413053392,1.407570262,1.410311827,1.413053392,3.195070488,-0.007077155,-0.023526544,0.878448263,-1.057096459,-0.026268109,-0.59103045,0.116293259,1.245817941,-1.402533619,-0.887119444,-0.884377879,-0.045459062,1.26226733,1.26226733,-0.363480574,-0.371705269,0.374000347,1.865411578,-1.758937039,-0.615704533,0.590583963,-0.155121652,-0.212694512,0.256113062,-0.155121652,-0.273008937,-0.155121652,-0.983074211,-1.761678603,-3.151651938,1.495300335,-0.155121652,0.659123082,1.906535049,0.127259518,0.79620132,-0.495075683,1.067616232,-2.521092043,-1.745229215,-2.534799866,-3.099562208,-3.099562208,1.273233589,-0.29768302,-0.656828004,-0.656828004,NA,-0.042717497,-0.048200627,-0.048200627,-1.010489858,1.158087869,-1.05161333,-0.396379352,0.554943621,-0.486850989,0.963436771,-0.593772014,-4.116682734,-4.105716475,-0.966624822,-0.950175434,-0.155121652,-0.135930699,-1.775386427,1.846220624,-1.775386427,0.149192036,-0.229143901,-0.229143901,-0.209952948,-0.903568833,-0.903568833,-1.386084231,-1.22433191,-1.331252936,0.316427487,-0.604738273,-1.188691568,0.626224305,-0.179795735,-0.168829476,-0.108515051,0.297236533,0.102585435,0.061461964,-0.023526544,0.138225777,-0.728108688,0.678314035
"TCGA-A2-A0EX",1.185108231,1.192611952,1.188860091,1.185108231,1.200115674,1.188860091,1.188860091,1.192611952,1.046289383,2.138080861,1.7328799,0.187113271,-0.687070283,0.093316753,0.734884941,1.151341484,0.273406069,1.725376178,1.035033801,1.046289383,3.58629911,0.138339082,0.138339082,1.515271976,1.759142925,0.239639322,1.372701268,2.828423238,0.588562372,-0.068013259,1.275152889,2.08180295,2.093058532,1.995510152,1.995510152,1.995510152,0.903718674,2.809663935,-1.707576407,0.070805588,2.468244607,0.175857689,-0.31938793,-0.27061374,-0.034246513,-0.476966081,-0.251854436,2.291907151,2.828423238,2.288155291,1.560294305,1.579053609,1.08005613,-0.255606297,1.271401028,1.271401028,NA,0.438487942,0.442239802,0.476006549,-1.87641014,-0.893422624,-0.619536789,-1.358653357,-0.814633548,-0.465710499,-0.908430067,2.006765735,-0.62328865,-0.627040511,2.708363695,2.708363695,0.521028878,0.509773296,-2.139040393,0.914974257,-2.139040393,1.290160332,-0.503229106,-0.518236549,-0.503229106,0.652344004,0.656095865,2.036780621,4.205356133,4.175341247,0.164602107,1.609068495,2.948482782,0.445991663,0.877455649,0.250894904,-0.184320943,0.359698866,-0.07176512,-0.161809778,-0.079268842,-0.143050474,-0.330643512,0.250894904
"TCGA-AO-A12D",1.100688066,1.100688066,1.100688066,1.100688066,1.093358353,1.09702321,1.09702321,1.09702321,-2.413909374,0.543629869,0.840483251,0.858807533,-0.698756504,-0.178346873,-0.273633143,1.961929358,-0.174682016,0.07452823,-0.006098614,0.012225668,0.598602718,1.181314911,1.181314911,0.488657021,0.364051898,0.067198517,-0.204000869,1.910621366,0.561954152,NA,-0.390908553,0.364051898,0.928439808,0.364051898,0.364051898,0.364051898,-0.035417467,1.910621366,0.323738476,0.85147782,0.943099234,-0.072066033,0.836818394,-1.977791443,0.829488681,-1.06524216,NA,-0.090390315,1.939940218,-0.116044311,-0.71341593,-0.73540507,-0.434886832,1.335238886,-0.163687447,0.06353366,NA,-0.464205684,-0.471535397,-0.449546258,-0.684097078,0.441013886,2.163496468,0.40436532,-1.365760398,0.547294726,1.335238886,0.792840115,-0.38357884,-0.376249127,1.060374644,1.038385505,-1.028593594,-1.079901586,-3.124891546,1.379217165,-3.124891546,-0.423892262,2.247788169,2.236793599,2.229463886,0.199133353,0.199133353,0.19180364,-0.757394209,-0.914983041,1.089693497,0.723207841,-0.475200254,0.52164073,0.869802103,-0.84168591,0.019555381,0.503316447,-0.072066033,0.147825361,-0.072066033,0.235781918,-0.123374024,1.115347492
"TCGA-AN-A04A",0.384587729,0.371392832,0.371392832,0.37799028,0.374691556,0.37799028,0.374691556,0.374691556,-0.242169869,0.051416585,-1.624335307,1.413789678,-0.130013246,0.661680561,1.258749641,1.308230504,0.044819136,-0.548951219,-0.024454072,0.025026791,1.271944538,1.525946301,1.525946301,1.618310578,1.229061123,-0.245468593,0.951968291,0.414276247,-1.30435906,NA,1.209268778,1.229061123,0.928877221,1.229061123,1.229061123,1.229061123,-0.855732569,0.414276247,0.371392832,-1.027266227,1.321425401,0.44066604,4.649838115,-4.761422018,1.268645814,-2.501795944,NA,0.348301763,0.414276247,0.335106866,1.070722362,1.050930017,1.268645814,1.417088402,-0.15640304,-0.143208143,NA,-0.219078799,-0.219078799,-0.202585178,-1.030564952,-1.007473882,-1.152617747,-1.0371624,0.790330805,0.315314521,-0.931603226,1.786545512,-0.153104315,-0.130013246,1.074021086,1.067423638,-0.271858386,-0.169597936,-2.221404387,-2.228001835,-2.221404387,-2.053169453,0.407678798,0.407678798,0.427471143,-0.021155347,-0.004661726,-1.089941987,0.107494896,0.183365553,-0.268559662,0.147079587,0.064611482,-0.321339249,0.176768104,-0.153104315,0.091001275,-0.159701764,0.470354558,0.615498423,0.430769868,0.295522175,0.242742588,0.740849942
"TCGA-BH-A0AV",0.350535663,0.367405326,0.367405326,0.360657461,0.370779259,0.367405326,0.360657461,0.360657461,-1.650206386,0.401144652,-0.054336253,-0.19266749,-0.557052214,-0.030718724,2.239937936,0.897112749,-0.580669743,-0.452460303,2.573957266,2.563835468,1.32222826,1.032070054,1.032070054,-0.418720977,-0.17917176,0.961217469,1.743969839,0.0131424,3.140777948,NA,-0.17917176,-0.17917176,-0.209537154,-0.17917176,-0.17917176,-0.17917176,0.161595436,0.0131424,-2.0652001,-0.914689073,-0.418720977,0.380901057,-1.974103919,-1.4241529,1.551655679,-1.4241529,NA,1.595516803,0.0131424,1.548281746,-1.123872896,-1.123872896,0.333666,-1.204847279,0.546223755,0.404518585,NA,1.234506012,1.237879945,1.207514551,-1.36004818,-2.618525051,-0.158928164,-0.007101196,1.747343772,-0.273641874,3.923530318,0.994956795,-1.842520546,-1.842520546,0.954469604,0.957843536,1.814822424,1.791204896,-1.403909305,-1.565858071,-1.403909305,1.818196357,-1.842520546,-1.842520546,-1.862764142,-1.599597397,-1.60297133,2.277051195,3.238621994,3.582763122,-0.361364122,1.659621523,2.759523561,-0.165676029,-1.28244773,-1.471387957,-0.293885469,0.121108244,-0.347868391,-0.411973111,-0.334372661,-0.418720977,-0.816845027,0.637319936
"TCGA-C8-A12T",-0.204917912,-0.162418489,-0.166668431,-0.1836682,-0.166668431,-0.166668431,-0.166668431,-0.166668431,2.425796388,0.470822918,1.51630873,-0.825409492,-0.638412029,-0.727660818,1.720305962,-0.468414336,2.056051406,-0.506663817,-1.0974058,-1.122905454,-1.165404878,0.084078166,0.058578512,-2.134391728,-3.086378809,-1.016656896,-0.940157934,-0.91465828,-0.468414336,-0.251667277,-1.7901464,-1.9006449,-1.9006449,-2.125891843,-1.9006449,-1.46290084,0.067078397,-0.91465828,-2.202390805,-2.958880539,-4.089365198,-1.254653666,2.459795927,NA,-0.455664509,NA,NA,-1.484150552,-0.935907992,-1.471400725,1.397310345,1.359060864,-0.591662664,-0.425914913,-0.498163932,-0.498163932,-8.067311216,-0.1836682,-0.153918604,-0.145418719,-0.995407185,-1.445901071,-1.403401648,-1.399151706,-1.050656435,-1.756146861,-3.553872465,0.084078166,0.075578282,0.058578512,0.356074475,0.356074475,-0.25591722,-0.281416874,-3.107628521,-1.42465136,-3.107628521,-1.28015332,-2.219390575,-2.219390575,-2.219390575,-0.697911222,-0.697911222,-0.884908684,-0.969907531,-1.080406031,-1.522400033,-0.034920219,0.938316574,-1.492650437,0.385824071,0.883067324,-1.254653666,0.037328801,-1.505400264,-1.913394727,-1.522400033,-1.683897841,-0.323916297,0.759818996
"TCGA-A8-A06Z",-0.496409093,-0.498508898,-0.496409093,-0.492209483,-0.488009874,-0.496409093,-0.496409093,-0.496409093,-1.300634341,1.349319349,-1.964172666,-0.378820023,0.3708103,-0.078547932,-0.582501091,-0.246532319,0.144031379,0.299416936,-1.61770487,-1.645002333,-1.071755615,-1.342630438,-1.279636293,-1.036058933,-1.036058933,-0.935268302,-1.319532585,0.414906202,-0.775683135,0.060039186,-2.241346903,-1.98727052,-2.241346903,-2.241346903,-2.241346903,-2.634010406,0.19232689,0.425405226,NA,-0.1079452,-3.318546779,-0.349422755,NA,NA,-1.894879107,NA,NA,0.238522596,0.414906202,0.236422792,-1.512714629,-1.519014043,0.238522596,-0.313726073,0.064238796,0.064238796,-2.436628752,-0.141542077,-0.110045005,-0.141542077,-0.366221194,-1.779389842,-0.725287819,-0.139442272,NA,-0.114244614,-1.720595307,-1.183045271,1.452209786,1.456409396,-0.16883954,-0.145741687,0.032741723,0.095735868,-1.288035512,-0.973064788,-1.288035512,-1.724794916,0.526195858,0.532495272,0.532495272,0.536694882,0.536694882,-1.319532585,-0.574101871,-0.603499139,0.207025524,-0.928968887,-1.241839806,-0.019753397,1.435411347,0.807569704,-0.040751446,-0.760984501,-0.04285125,0.261620449,-0.170939345,0.276319083,0.759274193,-0.443913972
"TCGA-A2-A0CM",0.683403537,0.694424088,0.698097605,0.687077054,0.687077054,0.698097605,0.698097605,0.698097605,-2.652150067,-0.984373265,-0.54722472,0.654015399,-0.672124305,-1.436215879,-0.150484864,-0.308446103,0.136049476,-1.590503601,-0.716206511,-0.705185959,-1.223151882,-1.910099596,-1.902752562,-1.054170092,-1.054170092,0.598912641,0.867079396,-0.701512442,1.124225599,0.161764096,-0.337834241,-0.66477727,-0.374569413,-0.374569413,-0.374569413,-0.110076175,-0.069667486,-0.712532994,NA,-0.172525968,-0.110076175,0.679730019,NA,NA,-1.74846484,NA,NA,-3.081951578,-0.686818373,-3.070931026,0.246254992,0.249928509,0.114008373,1.061775807,-0.135790796,-0.135790796,0.249928509,-0.176199485,-0.183546519,-0.16885245,1.054428772,4.518555477,0.84871181,1.036061186,NA,0.080946718,1.594435798,0.687077054,-0.907229404,-0.907229404,-0.653756719,-0.631715616,-0.201914105,-0.157831899,-3.159095439,0.360134024,-3.159095439,0.672382985,-0.532530652,-0.539877686,-0.528857134,-1.002740851,-1.002740851,0.011149892,-0.271710932,-0.341507758,0.620953744,0.628300779,0.191152234,-1.105599332,-0.058646935,-2.031325663,0.892794016,-0.132117278,0.7825885,0.70544464,0.690750571,0.797282569,-0.359875344,1.414433456
"TCGA-BH-A18U",-0.265030351,-0.251642291,-0.251642291,-0.251642291,-0.251642291,-0.251642291,-0.251642291,-0.251642291,-1.613877425,-0.64659007,0.233674894,-1.61722444,-2.718392399,-1.500078913,-1.232317707,-0.358746773,-2.018866249,-0.569608723,-0.783817687,-0.783817687,2.225148862,-0.606425889,-0.606425889,-1.202194571,-1.028149788,0.755809245,0.822749547,-1.15533636,0.966671195,-2.266545364,-1.202194571,-0.713530371,-0.713530371,-0.870840079,-0.870840079,-0.713530371,-0.803899778,-1.165377406,NA,-0.278418412,-3.0296648,0.123223397,NA,NA,-0.606425889,-1.12186621,-5.044567873,-3.093258087,-1.14864233,-3.086564057,-1.439832641,-1.436485626,-0.656631115,-2.597899856,-1.041537848,-1.041537848,NA,-1.319340099,-1.322687114,-1.35281025,-1.048231878,-4.565944718,-0.526097527,-0.000616161,NA,-0.385522894,-1.205541586,-0.954515456,-2.105888641,-2.112582671,-0.706836341,-0.706836341,-1.356157265,-1.369545325,-2.805414791,-0.633202009,-2.805414791,-0.499321406,-2.701657323,-2.701657323,-2.701657323,-1.225623677,-1.225623677,-0.710183356,0.504783115,0.534906251,-1.245705767,-0.244948261,-0.331970653,-1.426444581,0.237021909,-0.649937085,-2.169481927,0.929854029,-2.112582671,-2.179522972,-2.099194611,-2.099194611,0.073018171,-0.572955738
"TCGA-A2-A0EQ",-0.912670278,-0.927978656,-0.927978656,-0.93180575,-0.927978656,-0.927978656,-0.927978656,-0.927978656,-3.071151471,-2.278942948,-2.236844911,-0.598848545,-1.471426048,-1.750803933,-2.056971478,-1.215010729,1.272600575,-1.414019633,-1.215010729,-1.306860993,-0.537615036,0.974087218,0.931989181,-1.842654196,-1.525005368,0.46125658,-0.610329828,-1.984256686,2.382457925,0.671746767,-1.287725521,-1.525005368,-1.452290576,-1.486734425,-1.486734425,-1.452290576,2.401593397,-1.991910875,NA,-0.120461755,-2.110550798,-0.491689904,NA,NA,0.778905408,0.736807371,-0.453418961,-4.869885798,-1.991910875,-4.812479384,-5.539627303,-5.531973114,-0.786376166,0.002005263,-1.283898427,-1.283898427,NA,-0.797857449,-0.794030355,-0.820820015,0.759769937,-0.68304462,1.027666539,-2.604245965,NA,0.3808876,0.997049784,-2.458816381,-4.265204897,-4.265204897,-2.374620306,-2.374620306,-0.158732699,-0.162559793,-3.595463392,-2.93720317,-3.595463392,0.354097939,-0.304162283,-0.323297754,-0.323297754,-0.560577602,-0.560577602,-0.870572241,0.813349257,0.755942842,-0.001821832,0.009659451,-2.026354723,-0.112807567,0.388541788,1.877281476,-0.059228246,1.119516802,0.055584583,0.055584583,-0.078363718,0.132126469,-0.281199717,0.886064049
"TCGA-AR-A0U4",-0.033221329,-0.030216424,-0.02721152,-0.030216424,-0.030216424,-0.030216424,-0.030216424,-0.030216424,-2.551331119,-2.100595477,-0.787452304,0.727019456,0.724014551,-0.324697044,-0.694300271,-0.186471447,1.048544214,-0.568094291,-0.850555294,-0.850555294,-2.377046671,-0.32169214,-0.32169214,-1.914291411,-1.250207564,3.978325892,2.244496119,-1.869217847,1.799770285,NA,0.117023886,0.117023886,0.600813476,0.279288717,0.279288717,0.600813476,0.54071539,-1.869217847,0.633867423,-0.21652049,-0.25858915,1.799770285,-2.013453252,NA,-0.051250754,1.526323995,NA,-2.458179087,-1.860203134,-2.374041767,-1.634835312,-1.622815695,0.507661443,1.63450055,1.790755572,1.835829137,NA,-0.000167381,-0.009182094,-0.009182094,-0.790457208,-0.483956971,0.6879557,-0.961736753,2.944638818,-0.273613671,1.222828663,-1.39444297,-2.214781839,-2.220791648,-2.259855404,-2.259855404,0.348401516,0.387465271,-0.399819651,-0.958731848,-0.399819651,-0.459917737,-0.76341307,-0.766417974,-0.76341307,-0.243564629,-0.243564629,-0.589128621,0.062935609,0.044906183,0.050915991,0.005842427,-0.631197281,0.678940987,-0.25858915,-2.139659232,-0.072285084,1.126671725,-0.042236041,-0.234549916,-0.024206616,-0.042236041,-0.781442496,0.516676156
"TCGA-AO-A0J9",0.02000705,0.011955318,0.011955318,0.003903587,0.011955318,0.011955318,0.011955318,0.011955318,0.225326195,0.325972835,-0.531536536,0.036110512,-1.075028391,0.172989942,0.599731695,-0.024277472,1.779310313,0.358179759,2.608638625,2.616690357,0.712455932,0.821154302,0.813102571,1.557887706,1.364646157,0.809076706,0.736611125,0.342076297,-0.294010467,-1.948641225,1.557887706,1.565939437,1.823594835,1.565939437,1.557887706,1.557887706,1.211663265,0.346102163,-2.371357112,-0.14505344,1.89203455,-0.958278289,-0.664390101,NA,-0.451019225,NA,NA,0.929852673,0.346102163,0.897645749,0.523240249,0.527266114,0.458826399,-0.249725945,0.877516421,0.877516421,NA,0.611809292,0.63193862,0.656093813,0.724533528,-2.065391327,-0.583872789,-1.099183585,NA,-0.99451108,2.177871007,0.603757561,-1.662804768,-1.658778902,1.433085872,1.412956545,0.80505084,0.780895647,-1.695011693,-2.476029617,-1.695011693,0.933878539,-0.684519429,-0.684519429,-0.684519429,0.889594018,0.893619883,0.909723346,2.169819276,2.326828034,-0.213493155,1.090887297,2.439552271,-0.861657515,0.535317845,-0.31816566,-0.0444068,-0.060510262,0.160912345,0.362205625,0.160912345,0.225326195,-0.273881139,0.152860614
"TCGA-AR-A1AP",0.461087521,0.461087521,0.461087521,0.461087521,0.461087521,0.461087521,0.461087521,0.461087521,2.318731725,-0.283625077,-0.465665934,0.051495592,-0.958003708,2.298045264,2.28977068,-0.416018428,-1.197966656,-0.316723415,1.375429101,1.28027138,0.692775885,1.040308431,1.040308431,0.7382861,0.920326957,1.578156419,0.262497495,0.167339774,1.329918886,2.277358803,1.102367815,1.102367815,1.176839074,0.920326957,1.102367815,1.176839074,-0.453254058,0.154927898,-2.554998502,-0.374645506,0.7382861,-0.540137194,0.543833366,0.638991087,1.185113659,-0.697354298,-2.803236035,-1.61583317,0.167339774,-1.644794215,1.267859503,1.267859503,0.651402963,-1.065573305,0.357655216,0.357655216,-5.095295921,-0.304311538,-0.304311538,-0.287762369,1.996022933,-0.66425596,1.805707491,1.172701782,NA,-0.246389447,-0.428430304,0.109417683,-0.825610357,-0.81319848,0.022534547,0.022534547,-0.374645506,-0.374645506,-3.33694673,-0.986964753,-3.33694673,-0.366370921,-0.279487785,-0.279487785,-0.279487785,-0.92490537,-0.92490537,-0.167780895,1.698137893,1.871904166,0.643128379,-0.122270681,0.845855697,-0.19674194,-0.296036954,2.504909875,-0.23397757,2.016709394,-0.085035051,0.134241437,0.030809131,-0.085035051,-0.407743843,0.279046664
"TCGA-AN-A0FK",0.973564168,0.97747606,0.97747606,0.969652277,0.985299842,0.97747606,0.97747606,0.97747606,-1.811702422,3.262020566,2.424875833,-1.119297666,-0.415157235,-1.267949534,-1.655226771,0.347661564,-1.424425185,0.523696671,-0.027879999,0.058181609,1.728559185,-1.1936236,-1.1936236,0.613670171,0.719291235,-1.936882943,-0.321271845,0.766233931,-1.627843532,1.857651597,0.425899389,0.613670171,0.719291235,0.51978478,0.613670171,0.51978478,0.12077187,0.766233931,-0.661606386,-1.1936236,0.425899389,-1.283597099,-0.728108538,0.316366434,-0.900231754,-1.702169466,0.997035516,-0.145236737,0.766233931,-0.15306052,-0.595104234,-0.64204693,-0.524690191,-2.382838549,-0.293888606,-0.293888606,0.468930193,-1.338363577,-1.338363577,-1.31489223,-0.994117145,0.155978891,-0.462099931,-0.278241041,NA,-1.013676601,-0.125677281,0.496313432,0.054269718,0.058181609,0.58237504,0.58237504,-1.502663011,-1.522222467,-3.325604347,-2.08162292,-3.325604347,-1.279685208,-1.827349987,-1.827349987,-1.83517377,0.433723172,0.437635063,2.021951031,1.521228947,1.403872209,-1.541781924,0.328102107,-0.505130735,0.351573455,1.615114338,0.727115018,-0.196091324,-2.339807744,-0.090470259,-0.156972411,-0.082646477,-0.196091324,0.648877192,0.03079837
"TCGA-AO-A0J6",0.831131746,0.856539831,0.856539831,0.836777987,0.865009193,0.856539831,0.85089359,0.85089359,-0.967196074,2.838370489,3.405817729,-0.210599754,-0.555020467,0.658921389,1.398578985,0.636336425,-1.503588987,0.300385074,4.280985114,4.410848661,1.816400834,-0.179545428,-0.179545428,2.589935877,2.50806538,0.051950461,0.797254299,2.544765947,0.825485504,0.938410328,2.262453888,2.423371762,2.341501265,2.341501265,2.423371762,2.341501265,0.650452028,2.505242259,0.913002243,-1.113998345,2.423371762,0.088651029,0.362493727,-0.055328121,1.172729338,-0.549374226,1.937795019,9.167806866,2.544765947,9.218623037,0.588343374,0.588343374,-0.255769684,-0.507027417,0.721030042,0.721030042,0.514942239,2.248338285,2.248338285,2.251161405,-1.020835365,-1.712499911,-0.055328121,-0.269885287,NA,-1.901648991,3.518742553,5.139213775,-0.549374226,-0.543727985,4.995234625,4.995234625,2.491126656,2.572997153,1.584904945,-0.752638909,1.584904945,3.54979688,-1.591105726,-1.591105726,-1.591105726,-0.210599754,-0.224715357,3.849047663,2.2229302,2.375378712,-0.501381176,3.089628223,3.338062835,-0.436449402,-0.766754512,-0.862740612,-0.577605432,-2.31947084,-0.66512217,-0.85427125,-0.7102921,-0.7102921,-0.512673658,-0.817570682
"TCGA-A7-A13F",1.279184725,1.275167128,1.275167128,1.279184725,1.279184725,1.279184725,1.279184725,1.279184725,3.026839582,0.961794533,0.214521421,-0.705508377,-0.388118185,0.861354598,1.660856475,0.945724143,-0.22741429,0.443524471,0.656457132,0.66047473,1.540328554,1.34748388,1.351501478,1.443906217,1.616662904,0.250679797,1.660856475,-0.516681301,-0.938529025,-0.500610911,1.403730244,1.616662904,1.616662904,1.443906217,1.789419591,1.789419591,1.018040896,-0.524716496,-3.232577125,0.96581213,1.789419591,0.306926161,1.897894721,-0.862194675,0.487718042,-0.645244417,1.954141084,-0.938529025,-0.53275169,-0.938529025,1.335431088,1.335431088,-0.633191625,-0.428294159,0.138187071,0.081940708,NA,-0.697473183,-0.717561169,-0.717561169,-1.127356102,0.712703495,-2.13979064,-3.228559528,NA,0.515841224,-0.938529025,1.307307907,0.588157977,0.588157977,0.025694345,0.025694345,-0.753719546,-0.785860325,-2.312547327,0.515841224,-2.312547327,0.3993309,0.065870318,0.057835124,0.065870318,-0.147062342,-0.167150329,-0.078763187,1.094375246,1.162674401,-0.576945261,-0.187238316,-0.259555069,0.065870318,0.87340739,-0.183220719,-0.359995003,1.749243618,-0.364012601,-0.376065393,-0.339907016,-0.299731043,0.290855771,0.580122782
"TCGA-BH-A0E1",0.762044407,0.762044407,0.766384351,0.757704463,0.766384351,0.762044407,0.762044407,0.762044407,-0.583338181,2.185545984,1.807970871,0.445228507,1.065840475,0.896582666,3.036174975,-0.105944359,-1.234329756,1.031120925,4.160220428,4.15154054,0.979041599,0.657885755,0.670905587,1.117919801,0.332389968,-0.505219192,-0.158023685,0.922622329,-0.379360821,-4.806103529,1.117919801,-0.223122843,-0.040845202,0.150112327,0.150112327,1.117919801,1.721171994,0.918282385,-0.90015408,0.219551428,1.460775364,-1.486046498,0.961681823,1.135279577,0.649205868,1.135279577,1.317557218,3.977942787,0.922622329,3.895483854,0.69694525,0.69694525,1.239438229,0.332389968,0.692605306,0.675245531,NA,2.233285366,2.23762531,2.250645142,-1.776822735,2.493681996,-1.190930317,-0.882794305,NA,-1.650964363,4.737432957,0.26729081,-1.446987003,-1.446987003,0.614486317,0.614486317,2.788798177,2.84955739,4.884991048,-1.347168295,4.884991048,2.576140929,0.848843284,0.879222891,0.892242722,0.78808407,0.770724295,3.400730257,3.487529134,3.795665146,-0.487859416,1.382656375,2.675959637,-1.026012452,-0.578998237,-0.079904696,-0.088584584,-1.564165487,0.015574068,-0.283882056,-0.040845202,-0.006125651,-1.208290093,-0.505219192
"TCGA-A7-A0CE",-1.123173085,-1.123173085,-1.116860512,-1.129485657,-1.129485657,-1.120016798,-1.123173085,-1.123173085,2.244584354,-2.575064764,-2.742347936,-0.375133241,-1.369363413,-0.056348329,-0.668667863,-1.741805192,-0.476134402,-0.678136722,0.29084316,0.287686873,-0.968515058,-1.678679466,-1.678679466,-0.315163802,-0.315163802,-0.92432705,0.066746835,-0.053192043,0.073059408,-0.807544459,-0.801231886,-0.839107321,-0.801231886,-0.835951035,-0.839107321,-0.558197844,-1.331487978,-0.037410611,-0.166818348,-0.839107321,-0.801231886,0.773754957,-2.382531302,-1.284143684,-1.331487978,-0.195224924,NA,-2.767598226,-0.043723184,-2.761285654,-0.750731306,-0.775981596,-0.141568058,-0.602385852,-0.141568058,-0.154193203,-4.13111389,0.249811438,0.249811438,0.237186293,0.060434263,0.918944125,0.88106869,0.268749156,-6.621423749,0.619096931,0.177216854,-1.148423375,-0.476134402,-0.479290688,-1.303081402,-1.303081402,0.259280297,0.256124011,-1.322019119,0.101465984,-1.322019119,0.123559988,-2.01324581,-2.006933237,-2.006933237,0.328718595,0.331874881,-0.652886432,-1.470364573,-1.514552581,-0.024785466,-0.182599779,-1.195767669,0.98206985,0.521252057,-2.537189329,0.006777396,1.676452828,0.192998286,0.047809118,0.098309698,0.464438904,0.792692675,-0.643417573
"TCGA-A2-A0YC",0.818824062,0.814877249,0.814877249,0.799089996,0.818824062,0.814877249,0.814877249,0.814877249,-1.537423401,1.051686039,0.86618582,-0.400741208,1.039845599,-0.088942967,-0.50335835,0.881973072,-1.924211091,0.676738788,0.116291318,0.120238131,1.584505817,-0.50335835,-0.463890218,1.458207795,0.972749775,0.053142307,0.104450878,0.641217469,0.068929559,1.292441642,1.458207795,0.972749775,0.605696151,1.217452192,1.458207795,1.525303619,-0.870411975,0.62937703,-1.059859007,-0.002113078,1.58845263,-2.038668673,2.965890426,-0.199453736,-0.270496373,-0.199453736,NA,-0.463890218,0.641217469,-0.463890218,-1.576891532,-1.604519224,0.518866261,-1.257199666,-0.108677033,-0.298124065,3.490816578,-0.530986042,-0.530986042,-0.511251976,0.313631976,-1.261146479,0.799089996,1.785793288,-2.962222955,-0.317858131,-1.94789197,1.099047797,0.645164282,0.625430216,1.410846037,1.410846037,-0.771741646,-0.779635272,-2.291264716,1.647654827,-2.291264716,0.487291755,0.435983184,0.428089558,0.435983184,-0.187613297,-0.183666483,1.927878562,2.239676803,2.219942737,-0.021847143,1.166143621,1.916038123,0.084716812,0.092610439,0.597802524,-0.455996592,-0.491517911,-0.534932855,-0.613869119,-0.530986042,-0.19156011,0.199174394,-0.507305163
"TCGA-AO-A0JC",-0.307266841,-0.307266841,-0.307266841,-0.307266841,-0.301032745,-0.307266841,-0.307266841,-0.307266841,-1.460574599,1.170213908,0.955137596,-0.10777577,-0.269862265,-1.335892679,1.98999753,-1.516681463,2.049221442,2.856536872,-0.160765586,-0.15453149,0.12600283,-2.115154678,-2.115154678,-0.728068321,-0.363373705,0.026257294,-1.388882495,-1.282902863,1.575430147,-0.690663745,0.166524454,-0.728068321,-0.363373705,-0.740536513,-0.728068321,-0.363373705,1.983763434,-1.282902863,NA,-0.157648538,-0.363373705,-1.111465224,3.476829423,1.207618484,-2.115154678,0.546804309,0.144705118,-1.875141982,-1.282902863,-1.84708855,-0.322852081,-0.319735033,1.276193539,0.91773302,0.03249139,0.03249139,NA,0.228865414,0.253801797,0.253801797,-0.350905513,-0.438182857,-0.746770609,0.378483717,NA,-0.163882634,-1.002368544,-2.140091062,2.996804032,2.993686984,-1.367063159,-1.367063159,0.546804309,0.556155453,-1.155103896,-2.108920582,-1.155103896,-0.344671417,1.980646386,1.980646386,1.98999753,0.284972277,0.272504085,-1.176923232,-1.21121076,-1.19562552,0.749412428,-0.712483081,-0.734302417,0.821104532,-0.129595106,0.577974789,0.400303053,0.023140246,0.004437958,0.060544822,0.013789102,0.03249139,-0.615854593,-0.431948761
"TCGA-A8-A08Z",0.56889458,0.56889458,0.56889458,0.56889458,0.56889458,0.56889458,0.56889458,0.56889458,3.263024321,0.887747701,1.21734868,-0.552465273,-0.273020964,-0.903561968,-2.107322065,0.533068386,-1.319145811,-0.903561968,1.203018202,1.174357248,0.9988089,-0.204951197,-0.179872862,-0.308847158,-0.448569312,-1.326311049,0.497242193,0.869834604,-1.835042995,-1.340641527,-0.616952421,-0.584708847,-0.466482409,-0.448569312,-0.308847158,-0.448569312,-0.29451668,0.869834604,NA,-0.473647647,-0.448569312,-1.931773717,-1.279736998,-0.495143363,0.418424568,0.199884788,-0.72801362,-0.853405297,0.848338888,-0.788918149,-0.667109091,-0.67427433,-0.978796974,-2.587393056,-0.882066252,-0.882066252,NA,-0.197785958,-0.179872862,-0.169125004,-0.710100523,0.429172426,-1.774138466,-2.311531367,NA,-0.491560744,1.317662021,2.646813795,0.898495559,0.927156513,2.08075994,2.08075994,-0.24436001,-0.273020964,0.146145498,-1.00029269,0.146145498,-0.226446913,-2.114487303,-2.110904684,-2.114487303,0.343189561,0.3503548,0.626216489,-0.043733327,-0.050898566,-0.2980993,0.67279054,0.898495559,-0.226446913,0.816095314,0.285867652,0.550981483,-0.065229043,0.439920284,0.371850516,0.375433135,0.368267897,0.715781972,0.773103882
"TCGA-AR-A0TX",-0.583428637,-0.572548866,-0.567108981,-0.583428637,-0.572548866,-0.577988752,-0.577988752,-0.577988752,0.730303716,1.638764597,1.788361449,-1.141016903,-1.024059364,-0.455591328,-5.082213962,-0.852702971,-0.148237796,-1.587087516,3.33600888,3.303369567,1.127415359,0.534467837,0.482788925,-3.227213,-2.976978266,-0.042160028,-0.640547435,-0.455591328,1.141015072,1.304211638,-3.159214431,-2.86274067,-2.976978266,-2.446589428,-2.86274067,-2.976978266,-4.840139056,-0.455591328,NA,-1.198135701,-2.726743532,0.610626234,-1.538128546,-3.172814145,1.861799904,-2.26163332,6.469382939,-1.165496388,-0.471910984,-1.143736846,-2.005958701,-2.027718243,-0.607908122,-0.621507836,-3.004177694,-3.004177694,NA,1.671403911,1.676843796,1.671403911,-1.829162421,-3.183693916,-0.958780738,-0.602468237,NA,-2.158275495,1.35589055,-0.681346577,-1.309653354,-1.290613755,-0.50727024,-0.50727024,1.69044351,1.636044655,2.884498381,0.74390343,2.884498381,0.284233103,-2.506428168,-2.443869485,-2.506428168,-0.752065088,-0.762944859,1.910758873,2.438427769,2.443867654,-0.779264516,1.366770322,2.373149143,-1.244374728,-1.731244482,-1.339572725,-1.113817475,-3.262572256,-1.015899536,-1.646926256,-1.051258792,-1.051258792,-1.554448203,-1.135577018
"TCGA-A8-A076",1.873981833,1.870383096,1.870383096,1.859586885,1.870383096,1.870383096,1.870383096,1.870383096,1.539299286,1.377356118,0.98149504,1.132641997,-0.573159374,-0.33204399,-0.681121486,1.132641997,-0.979816663,-0.371630098,0.880730402,0.923915247,1.708439928,1.287387691,1.280190217,2.039523739,1.845191937,1.431337174,1.517706864,1.280190217,0.315728682,-0.360833887,1.427738437,1.845191937,1.71923614,1.949555312,1.845191937,2.05031995,0.038625928,1.27659148,-0.591153059,-0.170100822,2.331021441,-0.00096018,1.899172993,3.349464032,0.808755661,NA,-1.051791404,-0.425611154,1.283788954,-0.33204399,0.531652907,0.546047855,0.535251644,1.103852101,0.959902618,0.959902618,1.434935911,-0.580356848,-0.594751796,-0.5659619,0.240155204,-2.275362008,-0.072934921,0.182575411,NA,0.596430174,-0.382426309,2.122294691,-0.929434344,-0.915039395,0.50286301,0.481270588,-0.71351012,-0.691917697,-0.825070969,-0.076533658,-0.843064654,0.265346363,0.923915247,0.92031651,0.938310195,0.301333734,0.301333734,0.492066799,1.028278622,1.111049575,-0.551566951,0.985093777,1.697643717,0.312129945,0.71158976,-0.537172003,0.153785514,0.801558187,0.229358993,0.330123631,0.160982988,0.438085743,-0.612745482,0.65041123
"TCGA-AO-A126",0.195876687,0.195876687,0.195876687,0.218934622,0.199719676,0.199719676,0.199719676,0.199719676,-2.624877344,0.653192395,0.637820439,-0.065446575,-1.752518808,-1.760204786,0.13823185,-0.522762283,3.435516534,2.663075717,0.00372723,0.00372723,0.357282231,1.794560171,1.79840316,0.872242776,-0.203794184,-2.571075496,-1.149169513,0.853027831,-1.20681435,0.718523211,0.27273647,0.703151254,0.145917828,0.487943862,0.27273647,0.27273647,0.111330926,0.860713809,-2.440413865,0.791540004,-0.138463368,-0.976235001,-1.229872285,0.418770057,0.94525957,NA,2.616959847,-1.783262721,0.853027831,-1.794791689,-0.914747175,-0.918590164,1.713857399,-0.415158587,0.814597939,0.806911961,4.280974146,0.45335696,0.45335696,0.445670981,-1.498881525,0.883771744,-3.209011693,-3.378103216,NA,0.580175601,-2.90925854,-1.183756415,-0.810986468,-0.810986468,-0.338298804,-0.338298804,0.553274677,0.511001797,-3.116779954,0.457199949,-3.17826778,0.107487937,1.002904407,1.014433375,1.045177288,0.376497177,0.403398101,-0.17689326,0.203562665,0.172818752,1.256541691,-0.71106875,-0.080818531,1.252698701,0.645506417,-0.030859672,1.122037071,-0.664952881,0.649349406,0.787697015,0.706994243,0.699308265,-0.196108205,0.307323372
"TCGA-BH-A0C1",-0.518366498,-0.510001999,-0.507213833,-0.518366498,-0.512790166,-0.507213833,-0.510001999,-0.510001999,-2.43941306,-2.174537264,-2.534210713,-0.387322683,0.549501184,0.58295918,-0.183786545,-1.2126199,-0.289736864,-1.000719263,-0.833429287,-0.808335791,-0.250702536,-0.022072902,-0.022072902,-0.532307329,-0.15032855,1.483536886,0.828317812,-0.574129824,1.753989014,0.79207165,-0.532307329,-0.420780679,-0.15032855,-0.565765325,-0.532307329,-0.532307329,-0.7414198,-0.582494322,-2.813027341,-1.862262642,-1.343663715,0.881292971,-3.024927978,NA,0.114547246,0.050419422,NA,-3.387389593,-0.565765325,-3.303744605,-1.39942704,-1.39942704,0.161946072,-0.997931097,-0.484908503,-0.543459995,-11.77419374,-0.328771192,-0.356652854,-0.359441021,1.246542753,-0.259067035,2.052322806,2.127603295,0.432398201,-0.39011085,0.931479964,0.01417326,0.443550866,0.443550866,-1.053694423,-1.053694423,0.11175908,0.161946072,2.459395081,-0.76372513,2.456606915,0.50767869,0.290201721,0.301354386,0.301354386,-0.964473102,-0.972837601,-2.386437901,-2.054646115,-2.1550201,0.449127199,0.62756984,-1.647573839,0.053207588,-0.967261268,-0.967261268,-0.102929723,0.106182747,0.064360253,-0.100141557,0.022537759,0.005808761,0.415669203,3.725222569
"TCGA-A2-A0EY",1.174880993,1.183208792,1.183208792,1.174880993,1.179044893,1.183208792,1.183208792,1.183208792,4.955701511,0.825113456,0.30878995,0.058955995,-1.477522828,0.91671924,0.508657114,-0.124255572,-1.052805105,-0.557301094,1.099930807,1.087439109,0.183872972,0.350428942,0.350428942,0.296298252,0.275478756,1.016652822,0.113086685,-0.63641518,0.675213083,0.500329315,0.600262897,0.221348065,0.312953849,0.275478756,0.25049536,0.25049536,-0.049305386,-0.640579079,-3.651078235,0.496165416,0.275478756,-1.081952399,-0.711365366,NA,-0.020158091,4.326952724,NA,0.358756741,-0.628087381,0.350428942,-2.618431222,-2.618431222,-0.036813688,-0.736348762,0.104758886,-0.211697456,4.276985933,-0.095108277,-0.111763874,-0.090944378,-1.406736541,-0.328286635,-0.644742978,-0.424056318,-2.705873106,0.213020267,3.281814013,-0.428220217,-1.398408742,-1.406736541,-0.598940086,-0.598940086,-0.203369658,-0.186714061,-0.927888127,1.1374059,-0.932052026,0.367084539,1.229011683,1.237339482,1.241503381,0.729343774,0.733507673,2.449034163,1.670385004,1.886907765,0.017317002,1.062455714,1.274814575,1.108258605,0.337937244,-0.045141486,-0.074288781,2.149233417,0.300462151,0.30878995,0.267150957,0.317117748,2.145069518,1.004161124
"TCGA-AR-A1AW",0.578308676,0.582212852,0.578308676,0.590021204,0.586117028,0.578308676,0.582212852,0.582212852,-1.6275508,-1.69782597,-1.760292787,-0.061976199,-1.365971004,-2.142902041,-2.771474387,-1.295695835,-4.559587025,-2.06481852,-1.732963554,-1.73686773,0.839888472,-0.803769651,-0.792057123,-1.853993012,-1.853993012,1.491885875,0.523650211,-1.82666378,2.573342645,-0.237664121,-1.248845722,-1.244941546,-1.244941546,-1.256654074,-1.244941546,-1.014595158,-0.350885227,-1.822759604,-1.760292787,-0.495339742,-1.256654074,0.043436555,0.219124478,-1.58850904,-1.272270779,-0.518764798,NA,-3.895877094,-1.82666378,-3.864643685,0.652488021,0.652488021,-0.05026367,-0.604656672,-0.510956446,-0.510956446,2.991089484,-1.272270779,-1.276174955,-1.26055825,3.436165555,-0.171293128,3.096502237,2.608480229,-0.889661524,1.651957094,-2.377152605,-1.701730146,-0.581231615,-0.581231615,-1.916459829,-1.928172357,-1.038020215,-0.998978454,-3.712380819,-1.526042223,-3.712380819,-0.561710735,-0.803769651,-0.799865475,-0.795961299,-1.229324842,-1.229324842,-2.381056781,-2.529415471,-2.478661182,0.429949986,-0.245472474,-0.850619764,-0.401639516,0.285495471,-1.978926646,0.250357887,-0.358693579,0.152753485,0.215220302,0.133232605,0.211316126,-0.358693579,1.035097275
"TCGA-AR-A1AV",-0.759823056,-0.759823056,-0.749113689,-0.735726982,-0.749113689,-0.743759006,-0.754468373,-0.754468373,-0.700921541,0.726101526,-1.413094404,-0.457283456,-0.775887105,0.086216886,-0.486734214,-0.291288278,-0.861562036,1.545368052,-0.59918256,-0.596505219,0.744842917,-0.451928773,-0.409091308,-0.49744358,-1.498769334,0.37804712,-0.103874366,-0.219000055,0.466399392,0.013928663,-1.498769334,-1.683505904,-1.316710106,-1.683505904,-1.683505904,-2.301971811,-0.162775881,-0.235064104,0.76626165,-2.591124703,-1.683505904,0.533332932,2.85458809,-1.233712517,-0.288610936,-2.245747638,NA,-1.2390672,-0.219000055,-1.225680492,0.206697258,0.206697258,0.179923842,0.07550752,0.536010273,0.536010273,-0.91778621,-0.660761417,-0.642020026,-0.660761417,0.495850149,-2.288585103,-0.010167411,0.204019916,1.009899735,-0.216322713,-1.190875052,-0.765177739,-0.842820645,-0.832111279,-0.628633318,-0.652729392,-0.874948744,-0.789273813,-1.201584418,-0.853530011,-1.201584418,-2.360873326,0.134409035,0.19331055,0.225438649,0.552074323,0.58152508,-0.933850259,-0.401059283,-0.299320303,-0.219000055,-1.530897434,-1.150714928,0.078184862,1.475757171,-0.725017615,-0.636665343,-0.891012794,-0.031586144,0.112990302,0.038024738,-0.031586144,1.191958963,0.190633208
"TCGA-C8-A135",1.120501833,1.137617791,1.137617791,1.137617791,1.120501833,1.127348216,1.137617791,1.137617791,0.589907135,2.257001446,2.154305697,-0.217966084,-1.707054432,0.124353076,0.179124142,0.230472016,-2.645008931,-0.793062273,1.277968647,1.349855671,1.031498851,2.411045068,2.421314643,-4.024555147,-0.7006361,0.144892226,0.062735628,-0.269313958,0.894571187,0.897994379,-1.768671881,-0.837563764,0.887724804,1.017806085,-0.837563764,-2.0459504,0.271550315,-0.279583533,-0.228235659,-5.280866466,-0.837563764,-0.296699491,-1.200422074,-1.535894851,1.83937207,-2.949672984,NA,1.185542474,-0.269313958,1.141040983,-3.315954485,-3.315954485,-0.649288226,0.500904153,-0.324085024,-0.324085024,-15.92356916,0.928803103,0.915110337,0.94249587,-0.823870998,-2.703203188,-1.018992919,-0.751983974,0.182547334,1.010959702,1.592902274,-0.385702473,-2.384846369,-2.374576794,-0.27273715,-0.255621192,0.77133629,0.781605864,-1.587242726,2.304926128,-1.587242726,1.076000342,-0.070768845,-0.070768845,-0.118693527,-0.775946315,-0.772523124,2.277540595,3.085413814,3.236034244,0.429017129,0.329744573,0.959611828,0.254434357,-2.446463818,-2.446463818,0.052466053,1.85991122,0.11066031,0.096967544,0.124353076,0.059312436,-0.375432898,1.216351198
"TCGA-A2-A0EV",0.452985925,0.472590131,0.472590131,0.458587127,0.472590131,0.472590131,0.472590131,0.472590131,-0.742870654,1.811277356,1.956908602,-0.247164297,-1.022930743,-0.109934853,0.024493989,0.002089182,-1.272184222,-0.448807561,4.1581809,4.107770084,1.223151169,-0.485215372,-0.474012969,-2.669684065,-2.145971699,0.819864642,0.881477861,-0.247164297,1.802875553,-0.165946871,-3.123381409,-2.669684065,-2.260796336,-2.669684065,-2.669684065,-2.669684065,-0.616843614,-0.247164297,-0.151943867,-1.532640105,-2.145971699,-0.213557086,-0.126738459,-9.46394182,0.055300599,-0.894103102,NA,1.41359203,-0.249964898,1.399589025,-0.440405758,-0.406798548,0.705040005,-0.695260439,0.164524034,0.265345666,NA,1.119528937,1.119528937,1.102725331,0.649027987,-3.593882358,0.497795539,1.276362586,-1.854709207,-1.728682167,-0.440405758,0.917885673,-1.064939756,-1.064939756,-0.12953906,-0.115536055,1.794473751,1.816878558,-0.263967902,-1.302990832,-0.263967902,1.853286369,-1.563446714,-1.557845513,-1.569047916,-0.00631262,-0.009113221,2.116542853,2.276177103,2.477820367,-0.305976916,1.735661132,3.099553765,-0.653251426,-2.064754273,-1.230175209,-0.549629193,-1.916322426,-0.490816574,-0.832489883,-0.516021982,-0.583236403,-0.922109111,0.114113218
"TCGA-AN-A0AM",1.501966964,1.510348384,1.501966964,1.501966964,1.501966964,1.510348384,1.506157674,1.506157674,2.151527016,1.552255484,1.149947323,-0.664630112,-0.664630112,-0.341945441,-0.652057982,0.915267563,1.200235843,2.595742277,0.10226982,0.11065124,0.315996031,-0.538908811,-0.526336681,1.082895963,1.087086673,1.376245664,0.730876322,-0.266512661,1.300812884,-1.536297794,1.606734714,1.606734714,1.908465835,1.606734714,1.606734714,1.606734714,1.137375193,-0.270703371,-0.266512661,0.965556083,1.288240754,0.236372541,4.963493433,0.244753961,-0.249749821,-0.03602361,NA,-1.481818564,-0.266512661,-1.469246434,-0.262321951,-0.262321951,2.444876717,0.621917862,0.994891053,1.028416733,NA,-0.957979812,-0.962170522,-0.932835552,0.512959401,-1.678781934,-0.04021432,-0.438331771,-2.797701507,0.11065124,-1.125608213,0.332758871,-1.674591224,-1.666209804,0.219609701,0.219609701,-0.652057982,-0.639485852,-3.543647889,-1.444102174,-3.543647889,-0.371280411,1.166710163,1.162519453,1.166710163,-0.438331771,-0.438331771,-0.559862361,0.357903131,0.454289461,0.462670881,0.789546262,1.015844603,-0.320991891,0.437526621,-0.279084791,-0.245559111,0.500387271,-0.05697716,-0.11145639,-0.18269846,-0.266512661,0.03102775,-1.682972644
"TCGA-D8-A142",0.538595778,0.542210518,0.542210518,0.534981038,0.542210518,0.542210518,0.542210518,0.542210518,-0.1482049,0.267490247,0.159048035,1.203708014,0.007228937,5.675141903,5.187151947,2.262826954,-1.301307092,-0.975980454,1.189249052,1.189249052,2.913480228,1.720615893,1.709771671,1.724230633,1.489272506,0.863922415,1.717001152,1.388059775,0.90368456,-0.773554991,1.25792912,2.056786751,1.659165306,2.056786751,2.056786751,2.056786751,0.213269141,1.388059775,1.160331129,-0.889226685,1.456739843,-0.896456165,-1.698928537,-9.976684079,2.302589099,-1.655551652,NA,4.005131833,1.384445034,3.98344339,-0.046992169,-0.039762688,0.600046365,0.708488577,0.780783386,0.802471828,NA,2.280900656,2.280900656,2.280900656,-1.348298717,-0.748251809,-0.85307928,-0.856694021,3.068914066,1.073577359,0.838619232,3.061684585,-0.151819641,-0.140975419,2.566465149,2.588153591,2.880947565,2.953242373,-0.979595195,0.061450044,-0.979595195,3.340019597,-0.314482959,-0.310868219,-0.307253478,-0.101213275,-0.101213275,2.096548895,1.113339503,1.163945869,1.059118397,1.576026276,1.062733138,-0.466302056,-1.069963705,-1.312151313,-0.108442756,1.651935825,0.054220563,-0.083139573,0.046991082,-0.007230024,0.665111692,0.943446704
"TCGA-AN-A0FL",2.455137931,2.480136657,2.480136657,2.461955765,2.477864046,2.471046211,2.480136657,2.480136657,3.959606744,-1.858278696,-1.117407347,0.793858924,0.177981208,-1.501478691,-1.892367869,-0.03109905,-0.806059572,-0.07655128,-0.081096503,-0.03109905,-1.226492699,-1.646925827,-1.603746208,0.177981208,-0.249269754,-1.858278696,-1.051501614,-1.185585692,-1.762829013,0.612050004,0.512055098,0.48478376,0.368880574,0.368880574,0.48478376,0.512055098,-2.253713097,-1.185585692,-1.415119454,-0.265178035,-0.435623897,-1.01513983,-3.153667251,-1.6219271,-1.024230276,-1.01513983,0.177981208,-1.931002264,-1.185585692,-1.92418443,1.948345566,1.948345566,-2.008271055,0.232523884,-1.4242099,-1.385575504,-3.037764065,0.800676759,0.800676759,0.796131536,-1.199221361,-1.237855757,-1.8787322,-0.817422629,NA,-0.053825165,0.977940456,-2.033269782,-1.781009905,-1.776464682,-2.092357681,-2.092357681,0.991576125,1.03021052,2.914205454,2.071066587,2.914205454,1.500641101,0.564325163,0.564325163,0.552962105,0.050714964,0.050714964,1.089298419,-0.906054478,-0.915144924,0.143892035,-1.103771678,-1.12195257,0.143892035,-0.826513075,-1.028775499,0.48478376,-1.640107992,0.384788854,0.234796495,0.359790128,0.373425797,0.182526431,-3.237753877
"TCGA-BH-A0DG",-0.205637484,-0.205637484,-0.205637484,-0.215006194,-0.205637484,-0.210321839,-0.205637484,-0.205637484,-1.151877145,0.272166701,-1.025399566,1.63062958,-1.475097623,2.806402624,2.984408105,0.562596696,-0.435170867,1.902322156,0.834289272,0.824920562,1.194984588,1.096613138,1.082560074,1.326146521,1.124719267,-0.608491993,0.342432022,0.853026691,-0.908290697,-1.095664888,0.679705565,1.087244429,0.853026691,0.853026691,1.087244429,1.087244429,1.073191364,0.857711046,-1.999745356,0.609440243,1.241828136,0.370538151,1.073191364,-0.767760055,1.082560074,0.023895899,-2.10280116,0.412697344,0.857711046,0.403328634,1.401096197,1.401096197,0.234691863,-0.158793936,0.501700084,0.511068794,-1.943533098,0.215954444,0.20190138,0.248744927,6.033923051,-2.543130507,-0.898921988,2.375441986,NA,-0.744338281,0.220638799,0.468909601,-5.494274003,-5.484905294,0.660968146,0.660968146,0.370538151,0.393959925,-1.704631006,0.159742187,-1.704631006,-0.243112322,1.663420064,1.663420064,1.672788773,-0.08384426,-0.08384426,1.012294752,1.115350557,1.279302974,-0.66470425,0.122267349,0.810867498,-0.18221571,-0.28058716,-0.622545057,-0.027632003,-0.542911026,0.033264609,0.098845575,-0.027632003,-0.013578939,-0.636598122,1.045085236
"TCGA-AR-A0TV",-1.514278334,-1.528285429,-1.528285429,-1.531086848,-1.514278334,-1.52548401,-1.52548401,-1.52548401,-3.147505566,-1.738391848,-2.231441578,0.001289303,1.88384282,-1.318179009,-1.923285497,0.149764506,-2.385519619,-0.186405764,-0.30126394,-0.315271035,0.50554471,-1.91488124,-1.951299686,-0.368497994,-0.696264008,0.418700723,0.701644034,1.141466805,0.485934777,NA,-0.368497994,-0.326476711,-0.368497994,-0.368497994,-0.368497994,-0.37970367,0.040509168,1.141466805,-0.124774548,-0.124774548,-0.390909346,0.446714912,-0.01551921,-0.127575967,-1.671157794,-0.228427048,NA,-1.545093942,1.141466805,-1.545093942,-0.135980224,-0.149987318,0.048913425,-0.659845562,-0.021122048,0.040509168,0.158168763,0.802495115,0.794090859,0.799693696,1.12745971,4.181006337,-0.298462521,-1.298569077,-2.010129483,0.746466737,0.211395723,-1.536689685,1.740970455,1.75217613,-0.704668265,-0.704668265,0.668027007,0.71284971,-2.449952254,-0.738285292,-2.449952254,-0.455341981,1.715757684,1.718559103,1.718559103,0.11334606,0.116147479,-0.659845562,-1.480661307,-1.44704428,0.63440998,-0.696264008,-1.326583266,-0.360093738,1.07703417,-0.248036981,-0.077150426,0.673629845,0.00969356,0.169374439,0.085331871,0.082530452,0.572778764,-0.368497994
"TCGA-C8-A12Z",-0.787194984,-0.755940561,-0.755940561,-0.774693215,-0.771567772,-0.771567772,-0.771567772,-0.771567772,2.363250927,0.025420032,0.963052744,0.172315824,-1.527924826,-0.671553617,-1.921730565,-0.449647208,-3.409441134,-2.674962177,0.93179832,0.966178186,-0.152730183,-0.849703832,-0.805947639,-1.331021957,-1.093488337,-1.646691637,-0.008959834,-1.415408901,0.041047244,NA,-1.331021957,-2.549944482,-2.199894936,-1.331021957,-1.896727026,-2.265529226,-0.524657825,-1.45291421,-7.169348308,-4.559603927,-1.331021957,-0.440270881,-0.674679059,-5.022169398,0.809906068,-3.893884702,NA,-3.306301536,-1.415408901,-3.256294458,-3.115649551,-3.14065309,-0.64967552,-0.987223296,-2.624955099,-2.628080541,-8.907094267,-0.540285037,-0.509030613,-0.509030613,-1.684196945,-1.902977911,-2.337414401,-1.774834774,-13.04205452,-0.599668442,0.137935958,-0.318378629,-1.105990106,-1.090362894,-0.76844233,-0.76844233,-0.199611818,-0.174608279,-3.58759135,-2.131135204,-3.58759135,-3.225040034,-1.599810001,-1.587308232,-1.599810001,-0.802822196,-0.802822196,-0.599668442,1.381862022,1.341231271,-0.355883937,-0.037088815,-0.16210651,-1.224756916,-3.959518992,-2.12488432,-0.918463564,-3.056266146,-1.262262225,-3.143778533,-1.437286998,-2.052999145,-2.018619279,0.700515585
"TCGA-AO-A0JJ",0.757188126,0.780870661,0.774104222,0.763954564,0.770721003,0.777487441,0.777487441,0.777487441,-2.494085562,1.927781982,1.142875119,-0.802475943,-0.704362585,-0.28146018,0.591410383,-0.511519088,-0.995319439,1.220689161,1.660507662,1.660507662,0.763954564,-0.572417035,-0.582566692,0.100843594,0.087310717,1.034612103,-0.359274223,-0.629931762,1.281587108,NA,0.07377784,0.039945647,0.046712086,0.07377784,0.046712086,0.087310717,0.456081614,-0.572417035,-2.416271519,1.065061077,0.07377784,-0.721278681,3.558493655,-0.491219773,-0.616398885,-0.32544203,NA,-0.958104028,-0.646847858,-0.937804712,-1.265976978,-1.221995128,-0.667147173,1.193623408,0.669224426,0.706439837,0.104226813,0.506829902,0.513596341,0.506829902,-1.47911979,-1.895255757,-0.301759496,-0.048018053,-5.69799418,-1.360707117,-2.737677347,-1.536634517,-1.005469097,-1.012235536,-0.765260531,-0.765260531,1.224072381,1.146258338,-2.209895146,-2.314774942,-2.209895146,1.281587108,-0.585949912,-0.589333131,-0.585949912,0.20572339,0.242938802,1.142875119,2.431881649,2.51646213,-0.7246619,0.804553195,1.305269642,-0.775410189,0.510213121,1.602992935,-0.76864375,-0.629931762,-0.937804712,-0.920888616,-0.941187932,-0.893822862,-1.48250301,0.24970524
"TCGA-AO-A0JE",0.55977697,0.563406875,0.55977697,0.541627447,0.55977697,0.55977697,0.55977697,0.55977697,-1.698023696,1.754015586,0.730382487,-0.772398021,-2.061014156,0.058850134,0.628745158,0.650524585,-0.482005652,-0.648981264,0.476289164,0.472659259,0.625115253,-0.053676909,-0.042787195,1.031664569,1.583410069,2.313020895,1.583410069,-0.158944142,2.744979544,-1.650834936,1.307537319,1.031664569,1.666897875,1.031664569,0.312943457,1.307537319,-0.336809468,-0.173463761,0.145967845,0.610595635,-0.024637672,0.287534124,0.37828174,NA,-0.050047004,0.472659259,NA,-1.393111709,-0.137164715,-1.389481804,-1.912188068,-1.912188068,0.120558513,-0.347699182,0.795720769,0.781201151,-6.119247507,-0.964782965,-0.972042774,-0.96115306,-0.021007767,-2.616389561,2.309390991,1.601559592,-9.270004706,-1.440300469,3.115229814,0.577926493,-3.433118098,-3.487566667,0.795720769,0.795720769,-0.55097384,-0.565493458,-2.140872058,-0.576383172,-2.140872058,0.759421723,0.461769546,0.443620023,0.461769546,-1.073680103,-1.10271934,0.621485348,1.648748352,1.826613678,-0.746988689,0.900988003,1.409174648,-0.285990803,0.280274315,-0.057306813,-0.336809468,-1.509268656,-0.518304698,-0.55097384,-0.514674794,-0.246061853,-1.389481804,0.505328401
"TCGA-AN-A0AJ",-0.42818149,-0.406378045,-0.406378045,-0.406378045,-0.406378045,-0.406378045,-0.406378045,-0.406378045,2.258487365,0.972084153,0.901828611,-0.801262647,-1.833292343,-1.835714948,-2.140963167,-0.944196337,-3.267474455,-1.099243052,-1.523198913,-1.496550259,-0.583228204,-1.205837669,-1.217950693,-2.579454658,-2.535847769,-1.525621518,-1.058058769,-1.508663283,0.400349393,0.683794168,-2.419562733,-2.288742067,-2.371110635,-2.535847769,-2.419562733,-2.296009882,-1.74850117,-1.513508493,-2.438943572,-2.557651213,-2.579454658,-0.699513241,-1.380265223,NA,-1.317277495,-1.188879434,NA,-3.243248405,-1.513508493,-3.243248405,-3.080933876,-3.080933876,-1.465056395,-1.833292343,-2.531002559,-2.533425164,-7.790477838,0.528747453,0.519057034,0.526324848,-0.321586873,-0.767346178,-0.067213357,-0.655906352,-5.753067101,-0.56626997,-1.111356077,-0.377306786,0.494830984,0.502098799,-0.294938219,-0.294938219,-0.161694949,-0.178653183,-3.025213963,1.858757554,-3.025213963,-1.937464354,-1.140427336,-1.111356077,-1.140427336,-0.980535411,-0.982958016,-1.559537987,-0.963577177,-1.15254036,-0.542043921,0.049071679,-0.961154572,-0.401532836,0.882447771,-0.389419811,-0.384574601,-1.712162097,-0.71889408,-1.629793529,-0.559002155,-0.818220882,0.058762099,1.645568321
"TCGA-A7-A0CJ",-1.001239843,-1.004619822,-1.004619822,-0.997859864,-1.001239843,-1.001239843,-1.001239843,-1.001239843,-1.379797505,0.563690494,1.222786424,0.124293207,0.638050034,-2.390411265,-1.575836295,-0.210324727,-2.082833164,0.496090911,-3.120486757,-3.093446924,-1.873274458,0.093873395,0.093873395,0.719169533,0.719169533,-0.70380168,-0.582122431,-1.609636086,0.171612915,0.401451495,0.783389137,-0.088645478,0.69550968,0.293292163,-0.088645478,0.69550968,0.69550968,-1.616396044,0.546790598,1.063927405,0.749589346,0.580590389,2.385499244,-1.12967905,0.009373916,-1.420357255,0.256112393,-2.268732016,-1.609636086,-2.390411265,0.458911141,0.458911141,-1.234458403,-1.041799592,-1.579216274,-1.444017109,-2.02199354,-0.991099906,-0.980959968,-0.991099906,0.154713019,2.696457324,1.006467759,1.456004984,-0.889700532,0.725929492,-2.491810639,0.611010201,2.953335737,2.946575779,-0.024425875,-0.024425875,-0.984339947,-0.947160177,-2.599969971,-1.504856733,-2.599969971,-0.713941617,0.137813123,0.137813123,0.137813123,-0.024425875,-0.024425875,-1.281778111,-1.349377693,-1.305437965,1.104487154,-1.376417526,0.296672142,-0.903220448,0.502850869,1.854842521,0.533270681,0.381171621,0.54003064,0.465671099,0.506230848,0.523130744,0.742829387,1.831182667
"TCGA-AO-A12F",-1.947792427,-1.952717659,-1.955180275,-1.947792427,-1.95764289,-1.955180275,-1.955180275,-1.955180275,-1.004610594,-2.551133287,-1.915778423,0.514823325,1.322561292,0.534524251,1.246220204,-0.226424016,-1.630114995,-0.53178837,-1.548848676,-1.516834671,-1.12281615,-0.590891148,-0.578578069,0.029688022,0.359678533,-1.314900179,0.406468232,0.502510247,-1.502058976,3.329593131,0.433557005,0.652729807,0.601014877,0.601014877,0.652729807,0.492659784,0.103566495,0.502510247,0.33258976,-0.371718346,0.492659784,0.852201683,-1.531610365,1.145252958,-0.839615339,0.155281425,0.243935592,0.527136404,0.504972862,0.517285941,0.697056891,0.697056891,0.443407468,0.056776795,-0.576115453,-0.571190222,-1.984731664,0.8078746,0.812799831,0.793098905,-1.652278537,0.160206657,-1.622727148,-2.198979234,2.583420558,1.482631316,0.135580499,-0.17224647,-1.228708628,-1.226246012,-0.72879763,-0.72879763,1.44569208,1.475243469,-0.71155932,0.051851564,-0.71155932,0.810337216,-0.893792885,-0.893792885,-0.893792885,0.647804576,0.647804576,0.120804805,-0.297839873,-0.290452026,0.507435478,-0.731260246,-1.078489067,1.273308977,-0.140232465,-1.312437563,0.344902838,0.280874829,0.38430469,0.322739297,0.389229922,0.408930848,1.349650065,0.746309206
"TCGA-A8-A079",1.04895925,1.05225694,1.05225694,1.058852321,1.05225694,1.05225694,1.05225694,1.05225694,0.679617968,3.436486828,3.489249868,-1.401224437,-0.296498279,-1.477071308,-1.77386341,-0.309689039,-0.032683077,-0.982417804,-0.718602602,-0.708709532,-0.715304912,-0.4547874,-0.500955061,-0.807640233,-1.236339936,-1.460582858,-0.998906254,-0.956036284,-1.295698357,-0.111827638,-0.731793362,-1.668337329,-0.731793362,-1.236339936,-1.668337329,-1.236339936,-0.642755732,-0.952738594,-2.509248285,1.210546062,-0.807640233,-1.73429113,-0.250330619,-0.37894053,-0.563611171,-1.150599995,-3.828324295,-1.173683826,-0.952738594,-1.176981516,0.363039725,0.363039725,-0.510848131,-0.929654764,-0.718602602,-0.682328012,-0.580099621,-0.250330619,-0.227246789,-0.266819069,-0.497657371,-1.453987478,-1.75407727,-2.558713636,NA,-0.111827638,-2.871994188,-0.003003867,1.728283395,1.688711115,-0.151399918,-0.151399918,-0.39213129,-0.39542898,-1.912366391,0.112415284,-1.912366391,-0.609778832,-1.430903648,-1.437499028,-1.444094408,0.488351946,0.491649636,0.109117594,-0.497657371,-0.500955061,-0.956036284,0.168476014,-0.250330619,0.069545313,1.471063574,-0.36245208,0.175071394,0.913753959,-0.029385387,-0.154697608,-0.032683077,-0.003003867,1.622757315,1.05225694
"TCGA-A2-A0T3",0.583713254,0.580623133,0.580623133,0.586803375,0.586803375,0.586803375,0.586803375,0.586803375,0.05221245,1.501479177,1.053411639,-0.161005895,-0.590532708,1.93409611,2.131863851,0.787661237,-2.503317577,-0.296971217,0.651695915,0.676416883,1.139935026,0.021311241,0.01822112,2.057700949,1.733238249,-0.624524038,0.398305997,-0.089933113,-0.69559682,-3.847520192,1.600363048,1.637444499,1.371694097,1.637444499,1.637444499,1.668345709,-0.56581174,-0.114654081,-3.597220394,-1.174565568,1.319162041,0.200538256,0.44156769,-4.175073013,0.055302571,-0.945896617,NA,-0.868643593,-0.102293597,-0.85628311,1.359333613,1.359333613,0.528091077,-0.334052669,0.821652568,0.821652568,NA,-0.185726863,-0.151735532,-0.182636742,-2.28391899,0.453928174,-2.138683305,-0.751218997,1.282080589,0.055302571,-1.588641775,0.710408213,-1.832761331,-1.835851452,0.512640472,0.518820714,-0.602893192,-0.513279684,-0.346413152,-0.194997226,-0.346413152,0.092384023,-0.964437343,-0.973707706,-0.970617585,-0.429846418,-0.429846418,0.416846723,2.119503368,2.085512037,-0.380404483,0.351954183,0.568262649,-0.748128876,-1.50520851,-0.522550047,-0.312421822,0.592983617,0.160366684,-0.43602666,-0.213537952,-0.235168798,1.065772123,3.009458202
"TCGA-A2-A0YD",0.063778527,0.093336368,0.084469016,0.066734311,0.084469016,0.093336368,0.084469016,0.084469016,-0.23771146,1.305207881,1.385014054,-0.805222022,-1.399334642,0.415516844,0.513057722,-0.001248725,-1.653532081,-1.047596324,2.313130286,2.375201754,0.388914786,-0.270225086,-0.240667244,3.699393065,2.957491237,-0.790443101,-0.350031258,-0.021939215,0.063778527,-5.880303455,2.484565768,3.241246518,2.484565768,2.534814099,2.735807423,2.957491237,-1.535300714,-0.048541272,-4.02998256,-2.980679177,-0.048541272,-1.130358281,0.631289089,-4.83691164,0.232258225,-3.122556817,NA,1.479599148,-0.036718136,1.491422284,-0.30865028,-0.332296553,-1.488008167,-1.210164454,0.968248485,0.968248485,NA,0.442118901,0.450986254,0.433251549,-1.573725908,-1.51165444,-0.347075474,-0.426881647,-1.026905835,-1.656487865,0.764299377,1.18402073,-0.373677532,-0.367765963,0.826370844,0.829326629,1.133772399,1.095347205,-0.382544884,-1.535300714,-0.382544884,1.317031018,-2.238777348,-2.238777348,-2.259467837,0.025353332,0.025353332,1.72197345,1.905232069,1.852027954,-0.672211734,0.906177017,2.15351794,-1.384555721,-2.50184214,-0.820000943,-1.183562397,-4.003380502,-1.24267808,-1.842702268,-1.496875519,-1.656487865,-0.932320741,-0.30865028
"TCGA-AR-A0TR",-1.10167521,-1.108782577,-1.108782577,-1.096936966,-1.1111517,-1.106413455,-1.108782577,-1.108782577,-1.324372713,1.075548247,-3.33e-05,-0.876608585,2.129807701,1.663090594,0.594616406,-3.120167469,1.445131336,1.184527876,0.156328767,0.156328767,0.807837419,-3.082261511,-3.072785021,-2.717416666,-2.760060868,-1.16090327,-3.004080472,-2.174887643,-2.996973105,NA,-2.672403341,-2.760060868,-2.717416666,-2.717416666,-2.760060868,-2.760060868,-0.5709918,-2.165411154,0.225033316,-0.054523123,-2.717416666,-0.530716719,-1.445197954,-2.944852413,-2.023263812,-2.859564008,-5.245270233,-3.918561707,-2.158303787,-3.918561707,0.191865603,0.191865603,-1.037708906,-1.040078029,-1.002172071,-1.205916595,NA,-0.935836645,-0.916883666,-0.916883666,-0.587575656,0.957092128,0.416932228,-0.296173605,NA,0.762824094,-4.245500594,-3.887763116,0.243986295,0.255831907,-2.679510708,-2.679510708,-0.999802948,-1.056661885,-3.226777975,-1.656049845,-3.226777975,-0.556777066,1.520943252,1.535157986,1.577802189,1.075548247,1.075548247,-2.492350041,-2.698463687,-2.565792834,0.113684565,-2.324142353,-2.383370412,0.497482389,0.644367975,1.577802189,0.604092895,1.37879591,0.82915952,0.713072524,0.843374254,0.713072524,1.122930694,-0.222730812
"TCGA-AO-A03O",1.05322494,1.055948153,1.055948153,1.058671367,1.058671367,1.055948153,1.058671367,1.058671367,-0.33289089,-1.250613945,-1.37588178,-0.302935538,0.293448286,-1.855167411,-2.222801275,-0.371015884,-1.258783586,-0.439096229,-1.392221063,-1.392221063,-0.599765844,-0.278426614,-0.286596255,-1.016417557,-1.2615068,-0.937444356,-1.182533599,-0.177667703,-0.763158672,NA,-0.714140824,-1.2615068,-1.016417557,-1.016417557,-1.2615068,-1.2615068,0.149117954,-0.169498062,-0.806730093,0.516751819,-0.714140824,0.394207197,-1.710837079,-0.136819496,-0.194006986,-0.855747942,-3.363827862,-3.159586826,-0.180390917,-3.037042205,-1.969542391,-1.969542391,-1.403113918,-0.65423012,-1.31869429,-1.335033573,NA,-1.095390757,-1.103560399,-1.117176468,0.484073253,1.001483877,-0.488114078,-1.269676441,NA,0.41054648,-0.36829267,-0.357399815,-0.055123082,-0.060569509,-0.53985514,-0.53985514,-1.013694343,-0.99735506,-3.696059947,-1.073605047,-3.696059947,-0.400971236,0.429608977,0.432332191,0.440501832,-0.885703294,-0.885703294,-0.760435459,-0.989185419,-1.035480054,0.666528578,-0.616105127,-1.332310359,0.682867861,1.287421327,-0.790390811,-0.008828447,0.917064249,-0.022444516,-0.095971289,-0.060569509,-0.038783799,0.170903665,1.080457078
"TCGA-AO-A12E",0.264859107,0.275711307,0.275711307,0.278424357,0.278424357,0.272998257,0.275711307,0.275711307,-0.001019793,0.131919657,0.077658657,0.367955008,0.503607508,-0.068846043,0.484616158,-2.071076948,-0.318446644,2.644203963,2.117872261,2.117872261,0.302841807,1.076061059,1.057069709,1.46674026,2.060898211,-1.607145397,-0.625021295,-0.329298844,-1.140500796,NA,0.226876407,0.226876407,-0.079698243,0.226876407,0.245867757,0.226876407,0.256719957,-0.329298844,NA,-2.719495899,-0.823073945,1.198148309,NA,-1.284292446,0.807469109,2.182985462,-2.100920498,-0.804082595,-0.326585794,-0.801369545,0.896999759,0.915991109,0.872582309,0.978391259,0.218737257,0.218737257,-1.270727196,0.563294608,0.571433758,0.552442408,2.362046762,-1.029265745,1.906254361,3.656171615,NA,-0.445959994,-0.991283045,-2.369512448,0.316407058,0.313694008,-0.939735095,-0.939735095,0.381520258,0.397798558,0.197032857,1.021800059,0.188893707,0.047815107,0.905138909,0.915991109,0.918704159,2.370185912,2.370185912,0.940408559,1.227991859,1.44232281,0.785764709,-0.549055894,1.081487159,0.498181408,0.446633458,-0.313020544,-0.478516594,0.392372458,-0.437820844,-0.313020544,-0.388985944,-0.294029194,0.118354407,0.039675957
"TCGA-A8-A06N",0.23854713,0.249818154,0.244182642,0.249818154,0.249818154,0.249818154,0.244182642,0.244182642,-1.860681139,-0.229200377,0.534411516,0.303355519,0.514687224,0.33153308,0.072299522,-0.973087979,0.117383619,0.227276105,-0.891373053,-0.891373053,-0.468709643,2.275784765,2.261695985,2.261695985,1.903840964,-1.116793538,-0.922368369,0.573860101,-1.12242905,NA,0.585131126,0.841546928,0.537229272,0.985252487,0.914808585,0.489327419,0.669663808,0.573860101,NA,0.407612493,0.387888201,0.018762156,NA,0.683752588,1.650242918,2.377223983,0.979616975,-0.460256375,0.554135809,-0.454620863,-1.711340068,-1.705704556,0.435790054,-0.108036867,0.483691907,0.483691907,1.571345749,-0.820929151,-0.804022615,-0.820929151,0.489327419,1.467088774,-0.835017931,-0.006597648,NA,0.793645074,1.715051308,-1.305583194,1.275481362,1.278299118,-0.502522716,-0.502522716,-0.463074131,-0.496887204,7.077241101,-1.347849535,7.065970076,2.188434327,0.06666401,0.077935034,0.077935034,-0.172845256,-0.181298524,0.900719805,0.351257372,0.368163909,-0.203840573,-0.905461833,-0.265831206,0.032850937,0.176556496,1.557256968,-0.516611496,-0.015050916,-0.553242325,-0.533518032,-0.536335788,-0.406719009,-0.147485451,-0.291191011
"TCGA-A2-A0YG",-0.078201822,-0.068058137,-0.071439365,-0.057914451,-0.064676908,-0.068058137,-0.071439365,-0.071439365,0.351214199,-0.28783799,-1.565942366,0.773867762,-1.373212341,0.452651054,0.706243192,0.040141176,-0.030864623,-0.095107965,0.293733314,0.293733314,0.199058916,-1.724860106,-1.704572735,0.290352086,0.290352086,-0.091726736,-0.348700103,-1.207532144,-0.203307277,NA,0.442507368,0.222727515,0.2565398,0.2565398,0.222727515,0.2565398,0.821204962,-1.210913373,-1.910827674,NA,-0.835597008,0.611568794,0.057047318,NA,-1.917590132,NA,-3.658922814,-0.980989834,-1.200769687,-0.984371063,-2.303050182,-2.316575096,-0.189782363,0.696099507,-0.247263248,-0.247263248,NA,-0.531286442,-0.541430128,-0.541430128,-2.286144039,-1.846584333,-0.497474157,-0.433230816,NA,0.66566845,2.643687128,-1.778959763,-1.660616765,-1.657235536,-0.328412732,-0.311506589,-0.183019906,-0.159351306,-2.26247544,-0.997895977,-2.26247544,-0.088345508,0.909116903,0.909116903,0.909116903,0.66566845,0.66566845,0.354595427,1.14242167,1.27767081,-0.44675573,-0.439993273,-0.538048899,-0.284456761,-0.903221579,-0.517761528,-0.216832191,1.59550629,-0.091726736,-0.223594648,-0.091726736,-0.142445164,1.196521326,0.523656853
"TCGA-BH-A18N",1.101260533,1.101260533,1.097766685,1.090778991,1.108248227,1.101260533,1.101260533,1.101260533,-3.444234673,2.103994679,1.146680546,-0.334710666,0.69248041,-1.085887814,-1.865015739,-0.121585987,-0.851800051,0.944037409,0.881148159,0.86717277,0.825246604,0.975482033,0.975482033,0.154427942,0.154427942,-0.872763135,-0.960109314,0.55622037,-0.526872262,NA,0.332614149,-0.167006,-0.006289029,-0.006289029,-0.167006,-0.006289029,-0.327722972,0.55622037,-1.837064961,NA,-0.900713912,-3.087862258,2.767825646,NA,1.831474597,NA,-1.578520269,-2.581254415,0.542244981,-2.563785179,-2.920157593,-2.927145287,0.336107996,-0.698070775,-0.432538388,-0.432538388,NA,-1.257086326,-1.229135549,-1.27804941,-2.420537443,-2.616192887,-2.179461987,-2.099103501,NA,-0.020264418,0.000698665,-0.121585987,3.627312057,3.620324363,-0.177487542,-0.170499848,-0.677107691,-0.69108308,-3.493148533,-3.461703909,-3.493148533,0.280206441,0.035637137,0.028649443,0.028649443,0.535257286,0.535257286,0.465380343,0.150934095,0.081057151,0.000698665,0.063587915,-0.285796805,0.280206441,0.378034163,0.496824967,0.102020234,-1.029986258,0.115995623,0.112501775,0.115995623,0.196354108,-0.25435218,-0.320735277
"TCGA-AN-A0AL",0.323662708,0.326972641,0.326972641,0.330282575,0.326972641,0.326972641,0.326972641,0.326972641,1.932290343,-1.91054234,-1.255175526,1.561577801,1.137906326,1.121356659,0.790363318,3.014638566,3.080837234,0.075417703,0.025768702,0.025768702,-2.019770142,-1.384262929,-1.371023195,0.979029522,0.492469312,-0.570019311,-0.143037902,-0.325084239,-1.063199388,2.170605548,0.969099722,0.979029522,0.194575305,1.429180465,2.157365814,1.429180465,0.154856104,-0.325084239,4.279033126,1.869401608,0.979029522,1.151146059,NA,2.915340564,-1.738425803,NA,NA,-0.814954383,-0.431002108,-0.768615315,3.107316701,3.117246501,-1.076439122,2.564487623,-0.563399444,-0.477341176,NA,1.981939344,1.97862941,1.962079743,-0.450861709,0.800293118,-1.927092007,-1.649057601,NA,-0.030500166,2.402300886,-1.00693052,0.207815039,0.214434906,-1.271725193,-1.271725193,1.995179077,1.985249277,-1.956881408,2.468499554,-1.956881408,1.82306254,0.340212375,0.333592508,0.333592508,-0.235716037,-0.232406104,0.191265372,-0.66600738,-0.82157425,1.4821394,1.756863872,-0.857983517,0.750644117,0.131686571,0.062177969,0.207815039,-0.272125305,0.039008435,0.144926304,0.052248169,0.015838901,-0.133108102,-0.97714112
"TCGA-A2-A0T6",0.793975555,0.818181507,0.814723513,0.800891541,0.818181507,0.81126552,0.81126552,0.81126552,1.381834372,1.565108003,1.509780114,0.088544975,-0.468191904,-0.184636475,0.672945799,0.26490262,0.251070648,-0.112018621,1.848663432,1.86941139,1.599687933,2.069974987,2.069974987,3.152326808,2.816901483,-0.547725744,0.005553142,0.762853618,0.136956878,0.93575327,1.803709523,1.824457481,1.824457481,1.845205439,1.845205439,1.824457481,0.710983722,0.74210566,-3.732537333,-4.873675036,-2.300928215,0.11620892,-3.483561834,-5.834997101,2.23250066,2.97251117,NA,-1.094088644,0.74210566,-1.094088644,0.921921298,0.925379291,-0.067064711,-0.488939862,0.26490262,0.26490262,-13.71922123,-0.060148725,-0.056690732,-0.080896684,-1.913632994,-0.118934607,0.368642411,-0.858945117,NA,-0.399032043,-0.125850593,0.69715175,-0.948852936,-0.955768923,1.098278943,1.098278943,0.261444627,0.219948711,-1.636993551,-0.807075222,-1.636993551,0.866593409,-0.679129479,-0.679129479,-0.692961452,0.641823862,0.641823862,2.087264952,3.297562516,3.401302307,0.351352446,0.268360613,1.955861216,0.143872864,1.219308699,1.046409047,0.340978467,-1.125210581,0.444718258,0.340978467,0.385932377,0.372100404,-0.772495291,-0.741373354
"TCGA-E2-A158",-1.08652907,-1.095492377,-1.095492377,-1.095492377,-1.095492377,-1.09325155,-1.09325155,-1.09325155,0.096627356,-1.149272214,-1.270276849,0.437232994,0.448437127,0.629944079,0.027161733,-0.490469204,0.17281546,-1.510045291,-0.445652673,-0.463579285,0.201946205,0.17281546,0.1593705,1.098276831,0.661315651,-0.566657307,0.822655164,0.085423224,0.143684714,3.686431515,0.136962235,0.390175637,-0.389632008,0.643389038,0.643389038,0.390175637,-0.315684732,0.085423224,-0.176753485,-3.61194061,-0.035581411,0.699409703,0.473086219,3.020906025,0.018198427,0.517902751,NA,-1.601919181,0.085423224,-1.563825129,0.930214839,0.934696492,-0.335852171,0.39465729,-0.57786144,-0.57786144,0.939178145,0.943659798,0.930214839,0.939178145,-1.411448922,-1.601919181,-0.833315668,-1.61536414,NA,1.228244772,-1.75877704,-0.600269706,-2.43774749,-2.433265837,-1.570547609,-1.570547609,0.726299621,0.75991202,-2.242795578,2.034942336,-2.242795578,1.163260802,-0.454615979,-0.447893499,-0.441171019,-0.167790178,-0.163308525,-0.50615499,-0.815389056,-0.736960126,0.656833998,-0.550971521,-0.748164259,0.493253659,0.145925541,0.426028862,0.959345584,1.593499502,0.91676988,0.959345584,0.91676988,1.185669067,0.058533305,-0.279831507
"TCGA-E2-A15A",2.1801233,2.1801233,2.1801233,2.1801233,2.1801233,2.1801233,2.1801233,2.1801233,1.911710702,0.896216374,0.811219052,-0.275851969,-1.79685669,-0.074542521,-0.150592757,0.377285352,-1.206348975,-0.378743465,-0.284799056,-0.284799056,2.036969915,0.806745508,0.806745508,2.529059677,2.068284718,1.200417318,0.408600155,-0.785835905,1.607509758,0.077557951,1.643298105,1.844607553,0.350444092,1.871448813,1.871448813,1.844607553,0.399653068,-0.790309448,-0.334008032,-5.23253794,0.19834362,-0.611367716,-0.419005355,2.090652434,0.471229761,1.008054957,NA,-2.458941097,-0.790309448,-2.458941097,-2.065269287,-2.069742831,0.851480941,-1.161613542,-0.307166772,-0.307166772,1.983287395,0.050716691,0.014928345,0.010454802,0.690433383,4.157429437,-0.669523779,-0.481634961,NA,1.05279039,-0.879780314,0.538332911,-0.799256535,-0.817150708,-0.794782991,-0.794782991,-0.678470866,-0.656103149,-3.044975269,2.734842669,-3.044975269,1.280941098,-1.828171493,-1.841592123,-1.823697949,-0.835044881,-0.835044881,-0.830571338,0.310182203,0.426494328,-0.432425984,0.439914958,-1.228716691,-0.043227718,1.643298105,-1.407658423,0.623330233,1.934078419,0.721748186,0.847007398,0.762010075,0.887269288,0.274393856,0.981213697
"TCGA-AO-A0JM",1.39524718,1.408922131,1.412340868,1.408922131,1.408922131,1.412340868,1.412340868,1.412340868,1.00892983,1.802076956,1.655071239,2.020876163,0.188432802,0.438000648,-0.026947667,0.872180325,-0.673089076,0.561075202,0.920042652,0.926880127,2.14053198,0.64996238,0.670474806,-2.956805802,-0.751720041,-0.850863432,0.226038916,0.222620179,-0.232071924,-2.187589839,-0.187628335,-2.926037164,0.195270278,-0.6389017,-3.131161421,-2.191008577,-0.153440959,0.212363966,0.010658446,-2.997830654,-0.700438977,-0.563689473,-1.319230485,1.275591364,0.502956663,-0.693601502,NA,-2.690144268,0.232876391,-2.696981744,2.027713639,2.031132376,0.465350549,0.930298865,0.790130622,0.858505375,-14.09847169,-0.249165612,-0.25258435,-0.249165612,0.424325698,-2.033746647,0.509794138,1.265335151,-5.914013838,-0.761976254,-0.334634053,1.367897279,-2.597838353,-2.601257091,1.070467107,1.070467107,-0.098741157,-0.050878831,0.185014065,1.275591364,0.185014065,1.326872428,-0.570526948,-0.584201898,-0.601295586,0.075614461,0.072195724,-0.150022221,1.931988985,1.945663936,-0.191047073,0.03458961,0.786711885,0.055102035,-0.837188482,-1.691872885,-0.488477245,1.114910696,-0.502152196,-0.645739175,-0.519245884,-0.560270735,1.02260478,0.913205177
"TCGA-C8-A12V",0.673904701,0.68871756,0.68871756,0.677607916,0.68871756,0.68871756,0.68871756,0.68871756,-2.733052927,-2.133132127,-1.662823846,0.685014345,1.08866476,1.621927693,1.729320922,-0.540749758,-3.103374408,-2.040551757,-0.985135535,-0.992541965,-1.273986291,1.536753752,1.555269826,0.514666464,-0.68887835,2.329241722,0.714640064,-1.318424869,4.317868077,2.070016685,-0.059331832,-0.562969047,0.255441427,-0.007486825,0.085093546,-0.459279032,-0.555562617,-1.318424869,1.670069485,1.144212982,0.20359642,0.566511471,-0.707394424,0.325802508,0.866471871,1.170135486,NA,-0.533343328,-1.314721654,-0.525936899,-2.192383564,-2.199789994,0.259144642,0.092499975,0.29617679,0.348021797,2.088532759,0.59613719,0.592433975,0.59613719,2.784737144,-2.18868035,3.580928329,2.044094182,0.866471871,0.792407575,3.480941529,-0.414840454,-3.888455949,-3.914378452,-1.003651609,-1.003651609,0.922020093,0.947942597,3.155058625,0.399866805,3.155058625,1.596005189,-1.118451269,-1.114748054,-1.114748054,-0.58889155,-0.577781906,0.825736508,0.19618999,0.322099294,0.692420775,0.529479323,-0.522233684,0.155454627,-0.100067195,-0.944400172,0.085093546,0.499853605,0.044358183,-0.00378361,0.040654968,0.10360962,0.207299634,-0.081551121
"TCGA-A2-A0D2",0.107490904,0.10416449,0.107490904,0.097511661,0.10416449,0.10416449,0.10416449,0.10416449,-0.880454146,-1.512472865,-1.406027607,0.077553176,0.493354965,-0.594382515,-0.002280768,0.932441654,-1.595633223,-1.213095577,-0.295005227,-0.295005227,0.436805921,-0.361533514,-0.408103314,1.018928426,1.161964241,1.218513285,2.236396064,0.689613409,1.391486829,-3.162374364,1.161964241,1.305000057,1.018928426,1.161964241,1.161964241,1.018928426,-0.677542873,0.686286995,-4.070485471,-1.203116334,1.102088784,0.084206004,-3.415181852,NA,-0.946982432,-0.734091916,NA,-1.103323905,0.686286995,-1.103323905,0.942420897,0.949073725,1.245124599,0.077553176,1.404792486,1.404792486,-5.477558725,-0.191886384,-0.191886384,-0.185233555,-1.668814338,-1.49251438,-0.158622241,-1.033469205,1.730781089,0.97568504,0.982337868,1.115394441,-1.998129355,-1.978170869,0.144081462,0.144081462,-0.83721076,-0.810599446,-0.591056101,1.4314038,-0.591056101,0.27381162,-1.845114297,-1.841787882,-1.845114297,-0.344901442,-0.351554271,0.955726554,1.221839699,1.341590614,0.653022852,0.426826678,0.699592652,-0.055503397,-0.4746316,-0.946982432,0.040962618,1.996894233,-0.008933597,-0.118705269,-0.032218497,0.107490904,1.321632128,-0.255088256
"TCGA-C8-A12U",-0.481550154,-0.477889835,-0.481550154,-0.470569197,-0.481550154,-0.485210473,-0.481550154,-0.481550154,-2.802192305,-0.997655112,-1.35270604,0.342021587,0.568961356,1.740263388,1.392533098,-0.587699401,3.460613248,-0.983013836,-1.187991692,-1.187991692,-1.674814099,-0.62064227,-0.62064227,-0.514493024,-0.529134299,1.260761619,-0.386381864,-0.089896037,1.377891822,0.916691647,-0.401023139,-0.514493024,-0.514493024,-0.401023139,-0.401023139,-0.433966009,1.553587127,-0.082575399,-1.235575837,0.825183676,-0.514493024,0.005272253,1.615812547,NA,-0.807318532,0.858126545,NA,-2.425179464,-0.067934124,-2.425179464,-1.627229954,-1.638210911,1.301025126,0.902050372,0.265154892,0.265154892,2.172181013,-0.529134299,-0.532794618,-0.529134299,1.044802807,-3.450068742,0.005272253,1.586529997,-1.963979288,-0.232648472,-0.122838907,-1.001315431,1.271742576,1.2571013,-0.858562996,-0.851242358,0.126062775,0.118742138,-1.802925259,-1.718737925,-1.802925259,-0.924448735,0.133383413,0.137043732,0.137043732,0.338361269,0.342021587,0.184627877,-0.064273805,-0.181404008,-0.316835806,0.294437442,-0.569397806,0.806882081,-0.477889835,-0.741432792,1.630453823,0.008932572,1.57554904,1.623133185,1.586529997,1.535285533,0.162665964,-0.100876993
"TCGA-AR-A1AS",1.222507296,1.218973595,1.222507296,1.204838793,1.222507296,1.218973595,1.222507296,1.222507296,-0.473668945,1.741961269,1.03875487,0.519300896,-0.643286569,-0.456000442,-0.43833194,0.452160586,0.102324237,0.982215662,-0.152102199,-0.152102199,0.328481069,-0.908314107,-0.915381508,1.003417865,0.946878657,0.084655734,-0.01782158,-0.402994935,-1.371228872,1.653618757,1.162434387,1.003417865,1.003417865,0.946878657,0.946878657,1.003417865,0.049318729,-0.413596036,-3.184017229,1.480467432,1.003417865,-0.713960579,1.257844301,NA,-1.950755754,2.699594105,NA,-3.138079123,-0.392393833,-3.138079123,-1.484307288,-1.501975791,0.501632393,0.377952876,0.40622248,0.40622248,3.215514378,-0.996656619,-1.007257721,-0.968387015,-1.406565877,0.96808086,-2.597422946,-2.569153342,-2.823579778,-0.212175108,-0.007220479,0.82673284,0.095256836,0.074054633,-0.113231494,-0.081428189,-0.971920716,-0.975454416,-3.19108463,-1.067330629,-3.19108463,-0.968387015,1.151833286,1.165968088,1.194237692,0.491031292,0.501632393,0.770193632,1.127097382,1.105895179,0.469829089,0.360284373,0.604109708,0.544036799,0.752525129,-0.236911011,0.462761688,0.367351774,0.314346267,0.526368297,0.342615871,0.282542962,0.180065648,0.784328434
"TCGA-A8-A09G",-1.52334349,-1.512646224,-1.509971908,-1.517994857,-1.509971908,-1.512646224,-1.515320541,-1.515320541,-2.194596901,0.134732665,-0.113978758,0.097292236,-0.59268139,-0.921622305,-2.622487521,-0.654190667,-1.100801502,1.733973859,0.252402586,0.2711228,-0.124676024,-0.710351311,-0.710351311,-4.545320998,-1.563458235,-0.702328362,-0.710351311,-1.079406971,0.616109613,-8.674465486,-1.202425524,-2.269477759,-2.269477759,-1.461834213,-1.721242902,-2.010069071,-1.39765062,-1.08742992,-2.646556369,-4.318004105,-2.820386933,-0.699654045,NA,-8.027280923,-0.274437741,NA,NA,-2.322964087,-1.08742992,-2.280175025,-3.114561735,-3.117236051,0.134732665,-0.162116453,-1.047315174,-1.047315174,NA,-1.036617909,-1.041966542,-1.036617909,0.233682371,-2.796318086,1.252596911,0.017062744,0.822031974,-0.50442895,-0.579309808,-2.165179421,-2.344358618,-2.336335669,-2.256106178,-2.248083228,-0.410827876,-0.416176509,-2.462028539,0.046480224,-2.462028539,0.11601245,-0.261066159,-0.261066159,-0.261066159,0.567971918,0.565297602,-0.351992916,-0.071189696,-0.025726318,-0.699654045,-0.057818114,-1.031269276,-0.405479244,-0.678259514,-0.488383051,-0.122001707,-1.846935772,-0.140721922,-0.440245356,-0.242345944,-0.263740475,-1.608921614,-0.581984125
"TCGA-C8-A131",2.707250153,2.73383192,2.737629316,2.73383192,2.752818897,2.737629316,2.737629316,2.737629316,4.089502075,-1.120524403,-0.680026537,1.450312278,-0.034469321,0.725009758,0.413623336,1.594613303,-0.767366631,-1.029386914,-0.106619833,-0.087632856,1.924986702,2.878132945,2.878132945,-0.102822438,1.651574234,2.756616293,1.742711723,0.413623336,1.795875258,-1.185080125,1.127533669,1.1844946,0.675643618,1.1844946,1.241455531,1.1844946,-0.345855743,0.413623336,-0.942046819,1.66296642,1.856633585,-0.600281234,NA,-0.277502626,3.519892767,NA,NA,-1.09014524,0.425015522,-1.105334821,-2.597711211,-2.605306001,0.994624831,1.37436437,2.619910059,2.619910059,NA,-0.02687453,-0.034469321,-0.007887553,-1.67494413,-1.830637341,-0.61167342,-1.173687938,2.600923082,0.007302029,0.683238408,1.119938879,-1.249635846,-1.249635846,1.116141483,1.093357111,0.444002499,0.470584266,3.618625047,-0.623065607,3.618625047,-0.205352113,0.379446777,0.375649382,0.371851986,-0.809137981,-0.793948399,1.492083627,1.917391911,1.609802884,0.812349852,1.222468554,0.200969194,0.007302029,-0.706608305,-1.116727008,0.436407708,1.598410698,0.219956171,0.132616077,0.21236138,0.333878032,-0.649647374,0.759186316
"TCGA-C8-A134",0.140181795,0.126053757,0.133117776,0.111925718,0.126053757,0.126053757,0.115457728,0.115457728,-0.72516056,-2.360481012,-1.858935647,-0.022290647,1.355193103,1.040844247,1.11148444,1.425833296,-3.031562839,-2.653637811,-0.45672783,-0.481451897,-1.00065731,-0.481451897,-0.566220128,2.630248574,1.648349901,-0.075270791,1.715458084,0.316782276,-0.205955147,-3.988737445,1.517665546,1.906186603,1.648349901,1.648349901,1.775502247,1.906186603,0.150777824,0.302654238,-0.015226628,-1.523394734,1.775502247,-0.555624099,NA,-1.240833964,-0.424939743,NA,NA,4.424509459,0.327378305,4.431573478,0.783007545,0.790071565,0.514574815,-0.308383426,0.885435824,0.885435824,NA,1.104420421,1.090292382,1.125612478,-0.467323858,0.306186247,1.19978468,1.489409469,2.972853507,0.270866151,0.521638834,2.527820296,-0.414343714,-0.414343714,1.500005497,1.436429324,1.687202007,1.683669997,2.432456036,-0.099994858,2.432456036,0.867775776,-0.195359118,-0.188295099,-0.205955147,0.429806584,0.426274574,1.044376257,-2.035536128,-2.148560436,0.482786728,1.302212959,1.485877459,0.496914767,0.242610074,-2.56886958,0.599343045,0.401550507,0.525170844,0.401550507,0.55342692,0.602875055,1.835546411,-0.781672714
"TCGA-A2-A0YF",0.311319194,0.29617712,0.29617712,0.29617712,0.29617712,0.29617712,0.29617712,0.29617712,-3.254639306,2.351713708,2.495563414,-0.5025673,-0.441999003,2.147295705,2.510705488,-1.134748902,-0.078589219,1.859596293,1.435618212,1.420476138,1.992089443,-0.60856182,-0.60856182,2.332786115,0.826149721,0.500595123,-0.676701154,0.40217164,-1.036325419,NA,0.421099233,0.046332894,-0.112658886,0.046332894,0.046332894,-0.112658886,0.462739937,0.40217164,-0.108873368,0.951071834,0.034976338,-1.910780211,3.46465617,-0.010449885,-0.112658886,0.076617043,1.128991207,1.155489837,0.405957159,1.132776726,-2.130340288,-2.130340288,-0.551779041,-0.036948515,-0.195940295,-0.195940295,4.093052254,0.48166753,0.493024086,0.48166753,-1.085537161,-1.971348508,1.026782206,-1.823713283,-1.528442834,-0.47606867,2.699981417,-1.024968864,0.511951679,0.504380642,0.254536416,0.254536416,0.682300015,0.693656571,1.746030735,-1.744217393,1.746030735,0.568734458,-0.192154776,-0.192154776,-0.218653406,1.356122322,1.371264396,0.629302755,2.18515089,2.544775155,-0.960615048,0.82993524,0.788294535,0.034976338,0.886718018,2.363070264,-0.441999003,-1.255885497,-0.067232663,0.118257747,-0.120229923,0.000906671,-0.903832269,1.484829953
"TCGA-BH-A0DD",-0.692315765,-0.659468664,-0.664161107,-0.657122443,-0.661814886,-0.661814886,-0.664161107,-0.664161107,0.234441727,0.980540164,1.691445278,0.077244886,-0.95040013,-1.621419479,-1.623765701,-1.271832476,-0.305189218,-0.624275342,-0.497579381,-0.492886938,-0.654776221,-1.853695408,-1.853695408,-0.279380782,-0.269995896,-1.421990652,-1.436067981,-1.670690131,-0.898783257,NA,-0.638352671,-0.460039837,-0.638352671,-0.269995896,-0.460039837,-1.586226157,-1.154521401,-1.698844789,-2.306516157,-1.722307004,-1.586226157,-0.985593453,-0.178493257,-0.718124202,-1.757500326,-2.114125994,-3.134732346,-2.597447623,-1.668343909,-2.543484529,-0.453001172,-0.453001172,-0.624275342,-0.532772703,-1.780962541,-1.780962541,-5.208792152,-0.922245472,-0.922245472,-0.952746352,1.75713948,-1.16859873,1.217508535,1.581172868,-3.263774529,-0.065874625,-1.410259544,-1.628458144,-0.891744593,-0.898783257,-1.468915082,-1.468915082,-0.532772703,-0.502271824,-2.40505746,0.23913417,-2.40505746,0.002165798,-2.100048665,-2.095356222,-2.102394887,0.002165798,0.002165798,-1.581533714,-1.457183974,-1.5909186,-0.237148795,-0.582043355,-0.769741075,0.105399544,-1.504108404,-0.079951954,-0.46473228,-1.154521401,0.06786,-0.591428241,0.058475114,-0.314574104,0.19220974,0.501910978
"TCGA-BH-A0E9",1.466665164,1.482283458,1.474474311,1.458856017,1.474474311,1.474474311,1.474474311,1.474474311,-0.35286607,2.81374301,2.34128962,-0.399720952,-1.110353322,1.579897795,6.70269818,0.096159878,-0.028786473,0.068827864,2.82545673,2.864502465,1.423714856,-0.434862113,-0.434862113,1.412001136,1.013734642,-0.719895976,0.260151964,1.205058742,-0.188873985,NA,1.396382842,0.986402628,0.576422414,0.986402628,0.986402628,0.404621182,1.13477642,1.205058742,-1.94202747,-1.699943915,0.576422414,-0.673041094,0.595945282,-0.809701165,-1.040071,-0.762846284,5.265815145,6.097489293,1.205058742,6.09358472,0.451476064,0.451476064,0.299197698,0.9317386,0.420239476,0.420239476,-5.827078067,1.037162083,1.025448363,1.025448363,-1.614043299,0.068827864,0.318720566,-0.298202042,-1.05178472,-1.563283844,2.118728933,1.552565781,-1.586711285,-1.621852446,2.524804573,2.524804573,1.544756634,1.513520046,0.170346774,-0.587140478,0.170346774,1.23629533,-1.196253938,-1.192349365,-1.192349365,-0.708182255,-0.6574228,2.360812488,4.652797111,4.972972135,-0.899506355,1.189440448,2.22805699,-0.907315502,-0.770655431,-0.466098701,-0.852651474,-0.134209956,-0.317724909,-0.6574228,-0.54419017,-0.8487469,0.076637011,0.04149585
"TCGA-AR-A0TT",-0.511421193,-0.526066681,-0.526066681,-0.533389425,-0.529728053,-0.529728053,-0.529728053,-0.529728053,-4.952665524,-0.526066681,-0.061072427,-0.511421193,-2.041874721,-0.767717238,-0.972754074,-0.042765566,-1.437748328,-2.082149814,0.557699454,0.557699454,1.451074242,1.850163798,1.875793403,1.407137777,1.125212127,3.197548723,1.27166701,0.469826525,2.75086133,0.305064781,1.20210094,-0.537050797,1.227730545,0.283096549,-0.624923727,-0.555357657,0.327033013,0.458842408,-1.642785165,-0.522405309,1.20210094,-1.565896351,-1.81120828,-0.456500611,1.663433822,2.069846123,NA,3.787029628,0.480810641,3.790691,-2.283525279,-2.191990977,0.35632399,0.037784619,1.169148592,1.169148592,NA,0.579667687,0.565022199,0.579667687,-0.163590845,-3.535714529,1.326587591,0.781043151,NA,0.835963732,2.062523379,1.656111078,-1.672076141,-1.679398886,1.374185428,1.374185428,0.554038082,0.517424362,-3.539375902,-2.26887979,-3.539375902,-0.419886891,-0.628585099,-0.635907843,-0.705473913,-0.335675333,-0.332013961,1.579222264,0.107350689,0.242821456,-0.291738868,1.692724799,1.154503103,0.597974547,0.733445314,0.037784619,-0.148945357,-0.178236333,0.019477759,0.063414224,0.034123247,-0.028120078,-0.591971378,-0.892203889
"TCGA-AO-A12B",-0.963903926,-0.938209532,-0.943919398,-0.9353546,-0.9353546,-0.938209532,-0.943919398,-0.943919398,-1.252252127,1.325752082,1.645504542,-1.57485952,0.860398055,-1.226557733,-2.585505688,-1.808963999,-2.953792004,0.303686183,0.306541116,0.306541116,-1.326480377,-4.421227401,-4.435502064,-3.681799837,-3.793142211,-2.959501869,-3.693219567,-1.009582849,-2.314287084,-3.362047377,-2.985196263,-2.930952542,-3.079409042,-3.079409042,-2.959501869,-2.985196263,-2.162975652,-1.001018051,-0.569923217,-1.626248308,-4.16428346,-1.075246301,-0.544228823,-5.237738147,-4.37840341,-5.511811684,NA,-3.239285272,-1.012437782,-3.199316214,-2.319996949,-2.337126545,-3.324933252,-2.314287084,-2.588360621,-2.588360621,NA,-0.412901919,-0.398627256,-0.407192054,-1.489211539,-1.078101234,0.73763595,0.777605008,NA,-1.357884636,-3.179331685,-4.438356997,2.738943758,2.704684566,-3.022310388,-3.022310388,-0.726944514,-0.804027696,-1.766140009,0.203763539,-1.766140009,-0.804027696,0.063871838,0.043887309,0.043887309,0.660552768,0.646278104,-2.148700988,-4.284190632,-4.541134573,-1.534890462,-1.235122531,-1.215138002,-2.228639103,0.386479231,0.977450295,0.09813103,-0.050325469,-0.30726941,-0.664135995,-0.30726941,-0.74407411,1.008854555,-0.58419788
"TCGA-A2-A0SW",-0.487772474,-0.487772474,-0.487772474,-0.487772474,-0.503853222,-0.487772474,-0.487772474,-0.487772474,-1.626289437,0.731148229,0.358074874,-1.246783783,-2.134441076,0.908036458,-0.626066908,-0.494204773,-0.6903899,-1.899662154,1.708857712,1.737803058,-0.198319009,-0.809387436,-0.809387436,-0.809387436,-0.809387436,-0.584256963,-0.645363805,-1.970417446,0.563908449,1.695993113,-0.494204773,-0.809387436,-0.809387436,-0.494204773,-0.809387436,-0.809387436,-0.902655774,-1.983282044,2.069066468,0.885523411,-0.809387436,-0.44274638,-2.439975289,2.245954697,-1.816042264,NA,NA,-2.18911562,-1.970417446,-2.18911562,-1.311106775,-1.285377578,0.049324511,-0.426665632,0.100782905,0.113647503,NA,0.982007899,1.004520946,1.007737096,-1.742070823,-2.549324376,0.184402795,0.377371772,NA,-1.93825595,-0.423449482,-1.253216082,-3.070340614,-3.070340614,-1.674531682,-1.674531682,0.798687371,0.798687371,-0.555311616,-0.166157513,-0.555311616,0.882307261,-1.52337265,-1.536237248,-1.561966445,1.647750869,1.647750869,0.837281166,1.014169395,1.293974412,-1.124570098,0.47707241,2.583650406,-1.085976302,0.55747615,0.026811464,-0.658228404,NA,-0.777225939,-0.722551396,-0.918736522,-0.973411066,-1.211406137,-0.137212166
"TCGA-AO-A0JL",-0.106679982,-0.106679982,-0.106679982,-0.106679982,-0.106679982,-0.106679982,-0.106679982,-0.106679982,0.025188599,-1.177327273,-3.466189077,-0.241688292,-1.88690583,-0.850795548,-1.569793289,0.317183315,-2.860221549,-2.200878642,0.486728633,0.496147818,0.631156127,-0.150636176,-0.072142973,0.552662924,0.552662924,0.310903858,0.678252049,1.171189365,0.832098727,1.723781515,0.34230114,0.552662924,0.552662924,0.75988498,0.552662924,0.552662924,-1.296636942,1.155490724,1.839951456,1.660986952,0.60917803,-0.775442073,-2.015634683,-0.448910348,0.25752848,NA,NA,0.29206549,1.171189365,0.29206549,-1.896325014,-1.890045558,-0.665551589,-1.783294802,-0.006208682,-0.006208682,NA,0.244969568,0.238690111,0.260668208,-2.860221549,-0.772302345,-0.94812712,-2.141223808,NA,-0.414373339,1.927863843,0.354860052,-1.111392983,-1.111392983,0.288925761,0.288925761,0.386257333,0.395676518,2.103688618,-1.428505524,2.103688618,0.753605524,-1.145929992,-1.145929992,-1.142790264,-0.737765336,-0.753463976,1.965540581,0.778723349,1.055019424,-0.649852948,0.885474105,1.139792084,-0.09412107,-0.49600627,-1.955979849,-0.417513067,NA,-0.072142973,-0.090981342,-0.134937536,-0.599617298,-0.521124095,0.376838149
"TCGA-BH-A0BV",-0.065838424,-0.055892667,-0.065838424,-0.055892667,-0.062523172,-0.055892667,-0.062523172,-0.062523172,-2.187599782,0.709930573,-0.503451704,-0.254807795,-1.100197086,0.08003267,0.036934392,-0.821715908,-0.874759941,1.233740408,1.54868936,1.568580872,0.650256035,-1.875966082,-1.875966082,-1.594169652,-1.594169652,-0.251492543,-1.206285154,-0.148719727,-0.009479138,-0.24817729,-1.438352802,-1.594169652,-1.594169652,-1.438352802,-1.594169652,-1.594169652,-1.531179862,-0.152034979,1.671353688,-0.374156871,-1.594169652,-1.866020326,2.450437937,3.043868066,-1.690311963,NA,NA,-0.897966706,-0.148719727,-0.897966706,-0.400678888,-0.34100435,-0.55981099,-1.249383431,0.421503638,0.448025655,NA,-0.039316407,-0.045946911,-0.02937065,-2.3732539,-0.480244939,-1.239437675,-0.002848633,NA,-2.422982682,0.603842505,-1.070359817,-0.752095613,-0.742149857,-1.103512338,-1.103512338,0.040249644,0.026988636,0.103239434,-2.260535328,0.103239434,0.179490233,-0.490190695,-0.556495738,-0.493505947,1.101130323,1.101130323,0.381720613,1.734343478,1.870268815,-0.60622452,0.269002041,1.227109904,1.071293054,0.335307083,-0.891336202,-0.132143466,NA,0.381720613,0.680093304,0.272317293,0.454656159,-0.765356621,1.243686164
"TCGA-A2-A0YM",0.655849679,0.65814259,0.655849679,0.655849679,0.651263857,0.65814259,0.655849679,0.655849679,-1.969533682,1.307036469,1.300157735,-0.325516328,-1.621011175,0.699414993,-0.451626446,0.064278581,-1.038611722,-0.777219841,3.89573325,3.902611984,0.857625868,0.926413204,0.926413204,3.71000744,3.776501866,1.630336953,1.341430138,0.942463583,1.096088636,0.435730201,2.44432044,2.572723469,2.354896902,2.916660154,2.675904475,2.354896902,0.972271429,0.940170672,2.380118926,2.522279422,1.01125092,-0.999632231,0.197267433,2.439734618,0.630627656,3.292697596,NA,4.916078749,0.940170672,4.916078749,-0.632766433,-0.653402635,1.229077487,-1.272488667,0.834696755,0.834696755,NA,2.338846524,2.345725257,2.352603991,-1.059247923,-3.145797144,0.54578994,0.075743137,NA,-1.930554191,4.441446124,1.01125092,-1.423820809,-1.423820809,2.533743978,2.508521955,2.412219683,2.46266373,0.314205905,0.373821598,0.314205905,1.79313365,-1.841130653,-1.845716475,-1.845716475,-1.442164098,-1.442164098,3.049649006,4.436860301,4.585899531,-0.898744136,2.075161732,3.469251761,-0.857471734,-0.490605937,-1.148671461,-1.027147165,NA,-1.167014751,-1.121156526,-1.171600573,-1.171600573,-1.53846637,-0.137497607
"TCGA-BH-A0C7",-0.552211965,-0.547749365,-0.552211965,-0.552211965,-0.556674565,-0.547749365,-0.552211965,-0.552211965,0.679465615,0.487573818,0.721860314,-2.553688033,-1.998094342,-1.031941458,-0.87128786,-1.989169142,-1.562990849,-1.246146254,-0.574524965,-0.570062365,-0.840049661,-1.255071454,-1.255071454,2.551526285,2.687635582,-2.252462538,-1.676787147,-1.089955257,-1.228295854,-1.152431656,2.20121219,1.257372305,1.286379205,1.768339997,1.768339997,1.286379205,0.123871924,-1.089955257,-0.433953067,-0.108183273,1.230596706,0.746404614,4.67126125,0.121640624,-0.715096863,-1.839672045,NA,-1.353248652,-1.089955257,-1.333166953,-0.973927659,-1.036404058,-1.174744655,-1.940080543,-0.384864468,-0.384864468,NA,-0.24206127,-0.24429257,-0.25098647,-1.897685844,-1.886529344,-1.342092153,0.063626825,NA,-3.39935072,-1.134581256,-0.967233759,-0.833355761,-0.833355761,0.463029518,0.447410419,-0.639232664,-0.701709063,-1.850828544,-1.629929848,-1.850828544,-0.802117561,-1.101111757,-1.112268256,-1.125656056,-0.621382264,-0.621382264,-0.500892066,0.97399721,0.878051312,-1.848597245,-0.074713773,0.217586522,-1.696868847,-0.061325973,-0.117108472,-1.081030057,NA,-1.335398253,-1.386718152,-1.257302754,-1.50497705,-0.89136956,0.172960523
"TCGA-A2-A0SX",-0.398559835,-0.392601414,-0.392601414,-0.392601414,-0.395580625,-0.392601414,-0.392601414,-0.392601414,-2.504861658,0.694810418,0.572662788,-1.211884302,-2.534653763,-0.377705362,0.146635686,-0.204911153,-2.540612184,-1.214863512,2.857717241,2.887509346,-0.207890363,-1.119528776,-1.119528776,3.587623813,3.742542759,1.394924885,-0.085742733,-0.392601414,2.440627771,1.823931197,2.381043561,2.619380401,1.710721198,2.562775401,3.140742238,1.710721198,-0.145326943,-0.401539046,1.740513303,0.530953841,0.921230416,1.537926989,-1.423408247,1.531968568,-0.347913257,1.228089097,NA,0.379014105,-0.386642993,0.381993316,-1.542576667,-1.551514299,-0.267474573,0.265804106,1.406841727,1.406841727,NA,1.275756465,1.284694097,1.281714886,-1.071861408,-1.831560086,1.022523573,1.439613043,NA,-1.387657721,1.642199357,-0.446227203,-2.314192186,-2.323129818,0.179407002,0.149614897,1.612407252,1.666033041,2.976885661,-0.201931942,2.976885661,2.0801433,-1.697495613,-1.682599561,-1.682599561,-1.494909299,-1.494909299,1.83882725,3.113929344,3.340349342,-0.922900883,1.520051726,2.544900138,-1.14038325,0.676935155,-0.803732463,-0.338975625,NA,-0.434310361,-0.690522464,-0.589229307,-0.660730359,-2.460173501,0.158552528
